num_execve,num_distinct_children,num_file_opens,num_file_renames,num_file_deletes,num_distinct_files_touched,num_connect,num_distinct_dest_ips,num_setuid,syscall_rate
0,0,4,0,3,1,0,0,0,1.384657433192379
0,5,83,0,0,9,0,0,0,16.5876754864974
0,0,33,0,0,13,0,0,0,6.599973631785346
0,0,1,0,0,1,0,0,0,2000.0
1,0,0,0,0,1,0,0,0,1000.0
1,0,11,0,0,12,0,0,0,12000.0
1,0,4,0,0,5,0,0,0,5000.0
1,0,4,0,0,5,0,0,0,5000.0
1,0,4,0,0,5,0,0,0,5000.0
1,0,4,0,0,5,0,0,0,5000.0
1,0,8,0,0,9,0,0,0,6897.497817708329
2,6,27,0,0,15,0,0,0,5447.051745676778
2,0,2090,0,0,441,0,0,0,39195.19670733368
2,0,15,0,0,15,0,0,0,4048.8452693291874
0,0,4,0,0,2,2,1,0,169.0169411313994
0,0,13,0,0,10,0,0,0,10678.67935950924
10,0,38,0,0,40,0,0,0,4625.608544578291
10,0,145,0,0,139,0,0,0,1310.0519687473663
10,0,33,0,0,33,0,0,0,3375.793753132913
10,0,12,0,0,16,0,0,0,2251.4729494224
0,2,84,0,1,34,0,0,0,52.24037786431449
1,0,4,0,0,5,0,0,0,5000.0
1,0,8,0,0,9,0,0,0,6926.822735679371
0,0,3,0,4,1,0,0,0,10.9193428901055
0,3,120,0,0,9,0,0,0,42.72024547958722
0,0,48,1,0,14,0,0,0,21.041864066101255
0,0,1,0,0,1,0,0,0,1000.0
1,0,11,0,0,12,0,0,0,12000.0
1,0,4,0,0,5,0,0,0,5000.0
1,0,8,0,0,9,0,0,0,8250.44689920704
2,5,27,0,0,15,0,0,0,6746.056116020999
2,0,1908,0,0,404,0,0,0,58121.1831537546
2,0,15,0,0,15,0,0,0,5224.153041870664
1,0,4,0,0,5,0,0,0,5000.0
1,0,4,0,0,5,0,0,0,5000.0
1,0,4,0,0,5,0,0,0,5000.0
1,0,8,0,0,9,0,0,0,6360.599338073629
0,0,10,0,0,7,0,0,0,10000.0
1,0,7,0,0,8,0,0,0,5854.08117268954
0,0,2,0,0,2,0,0,0,2000.0
0,0,28,1,4,23,0,0,0,9.654407319062125
0,11,2,0,0,2,0,0,0,0.9741788204688628
0,0,7,2,0,3,0,0,0,2.2500019035016106
0,0,5,0,0,1,0,0,0,1.2499916197436833
0,0,5,0,0,1,0,0,0,1.2499595609957928
0,0,5,0,0,1,0,0,0,1.2499851776757631
1,0,4,0,0,5,0,0,0,5000.0
1,0,4,0,0,5,0,0,0,5000.0
1,0,4,0,0,5,0,0,0,5000.0
1,0,4,0,0,5,0,0,0,4150.414335863149
1,0,8,0,0,9,0,0,0,5895.55049702766
1,0,277,0,0,266,0,0,0,889.9159301222518
1,0,7,0,0,8,0,0,0,4886.519741234347
0,0,2,0,0,2,0,0,0,2000.0
1,0,7,0,0,8,0,0,0,6173.382535192139
0,0,2,0,0,2,0,0,0,2000.0
1,0,3,0,0,4,0,0,0,2726.2256088002564
0,3,4,0,0,3,0,0,0,10.210756211234273
1,0,7,0,0,8,0,0,0,6550.869136562694
0,0,2,0,0,2,0,0,0,2000.0
10,0,21,0,0,23,0,0,0,3128.6408296105874
10,0,2179,0,0,2179,0,0,0,22073.911887236172
10,0,17,0,0,19,0,0,0,5906.206810862695
10,0,12,0,0,16,0,0,0,5083.6726299687125
0,10,23,0,2,20,1,1,0,6.2356196597679565
0,4,4,0,0,3,0,0,0,11.74543852681193
0,0,10,0,1,11,0,0,0,11000.0
1,1,21,0,0,18,0,0,0,10454.783063251438
10,1,28,0,0,29,0,0,0,5841.1358611309915
1,0,11,0,0,12,0,0,0,12000.0
1,0,4,0,0,5,0,0,0,5000.0
1,0,4,0,0,5,0,0,0,5000.0
1,0,4,0,0,5,0,0,0,5000.0
1,0,8,0,0,9,0,0,0,7860.921090327224
2,9,27,0,0,15,0,0,0,6352.252092409934
2,0,2202,0,0,463,0,0,0,60829.973654880654
2,0,15,0,0,15,0,0,0,4175.040282998965
2,0,961,0,0,215,0,0,0,66961.09150333978
2,0,15,0,0,15,0,0,0,4519.609388770685
0,2,18,0,8,11,0,0,0,4.606349907383356
0,0,12,0,11,1,0,0,0,4.483195732071889
0,9,102,0,0,10,0,0,0,20.36238736368756
0,0,49,0,0,13,0,0,0,9.799956837070107
0,0,10,0,0,2,0,0,0,2777.8271613717575
0,0,3,0,0,3,0,0,0,18.226911782500352
0,0,1,0,0,1,0,0,0,1000.0
0,0,8,0,0,2,1,1,0,775.8634735459435
0,1,13,0,4,7,0,0,0,25.726861665815836
0,0,3,1,0,3,0,0,0,4.000307883696268
0,0,2,0,0,2,0,0,0,2.0001826806845924
0,0,2,0,0,2,0,0,0,2.000180774338204
0,0,2,0,0,2,0,0,0,2.000155694119386
1,0,4,0,0,5,0,0,0,5000.0
1,0,4,0,0,5,0,0,0,5000.0
1,0,4,0,0,5,0,0,0,5000.0
1,0,4,0,0,5,0,0,0,5000.0
1,0,8,0,0,9,0,0,0,6891.286886570184
0,0,10,0,11,1,0,0,0,14.35846956918197
0,0,31,0,0,13,0,0,0,23.359350339755196
0,0,79,0,0,8,0,0,0,43.81457654346513
0,0,1,0,0,1,0,0,0,2000.0
1,0,11,0,0,12,0,0,0,12000.0
1,0,4,0,0,5,0,0,0,5000.0
1,0,4,0,0,5,0,0,0,5000.0
1,0,4,0,0,5,0,0,0,5000.0
1,0,4,0,0,5,0,0,0,5000.0
1,0,8,0,0,9,0,0,0,8215.614231269541
2,11,27,0,0,15,0,0,0,7332.468270639887
2,0,2118,0,0,447,0,0,0,61201.5492306128
2,0,15,0,0,15,0,0,0,4754.300544507245
0,0,3,1,0,3,0,0,0,138.98182333172647
0,0,616,0,0,444,0,0,0,8033.505036896806
13,0,3,0,0,10,0,0,0,16000.0
0,0,18,0,0,9,0,0,0,9.691775876235557
0,2,10,0,0,7,0,0,0,68.56222759884163
0,0,37,0,0,10,0,0,0,37000.0
0,0,40,0,0,14,0,0,0,40000.0
0,0,77,0,0,15,0,0,0,51609.82436573537
1,0,4,0,0,5,0,0,0,4882.483504529479
1,0,13,0,0,14,0,0,0,8948.471505190433
1,0,4,0,0,5,0,0,0,4305.564166683889
1,0,13,0,0,14,0,0,0,6024.472266987398
1,0,77,0,0,68,0,0,0,3773.1575732037313
1,0,77,0,0,68,0,0,0,3874.250760880498
1,0,21,0,0,22,0,0,0,5598.3418729252735
1,0,21,0,0,22,0,0,0,5488.222274997855
1,0,3,0,0,4,0,0,0,4000.0
1,0,3,0,0,4,0,0,0,4000.0
1,0,3,0,0,4,0,0,0,3277.6676117274947
1,0,3,0,0,4,0,0,0,2658.890298839328
0,1,2,0,0,1,0,0,0,2000.0
0,1,2,0,0,1,0,0,0,2000.0
13,5,16,0,0,21,0,0,0,2653.2311918616433
13,5,16,0,0,21,0,0,0,2637.921688837489
13,0,3,0,0,10,0,0,0,16000.0
13,0,3,0,0,10,0,0,0,16000.0
1,2,6,0,1,7,0,0,0,45.02211063992346
1,3,6,0,1,7,0,0,0,26.320933138144312
10,0,38,0,0,40,0,0,0,9272.36649337644
10,0,145,0,0,139,0,0,0,4823.42844376998
10,0,33,0,0,33,0,0,0,9065.321120026749
10,0,12,0,0,16,0,0,0,4931.419643637684
0,4,10,0,1,9,0,0,0,58.991418990210846
0,0,16,0,0,2,4,1,0,5.080962584327317
0,0,13,0,1,9,8,8,0,19.31413796444128
0,14,1,0,0,1,0,0,0,1000.0
0,0,0,0,0,0,1,1,0,1000.0
0,0,1,0,0,1,0,0,0,1000.0
0,0,616,0,0,30,0,0,0,9034.69571020181
0,0,26,0,0,10,0,0,0,6.490092260850093
0,0,1,0,2,2,0,0,0,3000.0
0,0,18,0,0,10,0,0,0,18000.0
1,0,4,0,0,5,0,0,0,5000.0
1,0,4,0,0,5,0,0,0,5000.0
1,0,4,0,0,5,0,0,0,5000.0
1,0,4,0,0,5,0,0,0,5000.0
1,0,8,0,0,9,0,0,0,6282.643568876621
0,0,52,2,0,14,8,6,0,10.041139549609628
0,0,10,1,0,7,3,1,0,2.196929644255561
0,2,18,0,0,4,2,1,0,3.174280581537046
0,2,97,0,6,40,0,0,0,20.423602140746137
0,0,7,0,0,2,0,0,0,1.3999838542662055
0,0,7,0,0,2,0,0,0,1.399985405992134
0,0,10,3,0,5,0,0,0,2.549663701887772
0,0,7,0,0,2,0,0,0,1.399985731345426
0,3,202,0,0,9,0,0,0,40.2984348954303
0,0,82,1,0,14,0,0,0,16.599915815186936
0,0,1,0,0,1,0,0,0,1000.0
0,0,1,0,0,1,0,0,0,1000.0
0,0,1,0,0,1,0,0,0,1000.0
1,0,11,0,0,12,0,0,0,12000.0
1,0,4,0,0,5,0,0,0,5000.0
1,0,4,0,0,5,0,0,0,5000.0
1,0,4,0,0,5,0,0,0,5000.0
1,0,4,0,0,5,0,0,0,5000.0
1,0,8,0,0,9,0,0,0,6415.653052888505
2,6,27,0,0,15,0,0,0,6464.970005883123
2,0,2182,0,0,459,0,0,0,41719.45113248252
2,0,15,0,0,15,0,0,0,4864.25300524996
0,0,15,0,0,13,0,0,0,46.03709141548106
10,0,42,0,0,43,0,0,0,8025.728014559906
10,0,29,0,0,31,0,0,0,5269.677787578477
10,0,15,0,0,17,0,0,0,3495.7134163802975
0,1,85,0,0,33,0,0,0,176.14003263559826
0,0,4,0,0,4,0,0,0,4000.0
0,3,56,0,0,9,0,0,0,46.51851685886583
0,0,6,0,7,1,0,0,0,22.89369891177532
0,0,14,0,0,11,0,0,0,14000.0
0,4,298,0,0,67,0,0,0,241.0675325890097
0,12,15,0,0,12,0,0,0,39.93590883009009
0,0,113,3,0,20,0,0,0,34919.007469356315
0,1,1499,0,1,154,0,0,0,62044.36941763541
0,0,15,0,0,12,0,0,0,15000.0
0,1,46,0,0,17,0,0,0,39768.856489758655
0,2,18,1,1,15,0,0,0,715.0856652962169
0,0,13,0,0,10,0,0,0,13000.0
0,0,0,0,0,0,1,1,0,1000.0
0,0,0,0,0,0,1,1,0,1000.0
0,0,0,0,0,0,1,1,0,1000.0
10,0,38,0,0,40,0,0,0,9158.351328857698
10,0,145,0,0,139,0,0,0,4551.047529290616
10,0,33,0,0,33,0,0,0,10041.86289167352
10,0,12,0,0,16,0,0,0,5396.712322852918
0,8,10,0,1,9,0,0,0,62.84059782545824
0,0,5,0,0,1,0,0,0,1.249969478557765
1,0,4,0,0,5,0,0,0,5000.0
1,0,4,0,0,5,0,0,0,5000.0
1,0,4,0,0,5,0,0,0,5000.0
1,0,4,0,0,5,0,0,0,5000.0
1,0,8,0,0,9,0,0,0,7464.227688801419
0,0,7,2,0,3,0,0,0,2.1955211676528634
2,0,779,0,0,179,0,0,0,65988.73730255448
2,0,15,0,0,15,0,0,0,5406.417926918586
0,0,9,0,0,3,0,0,0,1.829580063537998
0,0,18,2,1,7,0,0,0,4.0652592489810795
0,0,81,0,0,13,0,0,0,16.19997498075864
0,3,93,0,6,40,0,0,0,19.79600624284293
0,2,186,0,0,9,0,0,0,37.1381252168713
0,0,5,0,0,1,0,0,0,0.9999921690613242
0,0,5,0,0,1,0,0,0,0.9999919608646283
0,1,2,0,0,2,0,0,0,813.9027614092889
0,0,15,1,0,14,0,0,0,49.262028792184125
0,0,39,0,0,8,0,0,0,48.60987007931586
0,0,2,0,0,1,0,0,0,2.0000076880295525
0,0,4,0,5,1,0,0,0,14.39370348017008
0,0,0,0,0,0,1,1,0,1000.0
0,0,1,0,0,1,0,0,0,1000.0
0,0,6,0,0,4,0,0,0,6000.0
1,0,4,0,0,5,0,0,0,5000.0
1,0,4,0,0,5,0,0,0,5000.0
1,0,4,0,0,5,0,0,0,5000.0
1,0,4,0,0,5,0,0,0,5000.0
1,0,8,0,0,9,0,0,0,6406.738180101953
0,2,3,1,0,2,0,0,0,2262.1760210472858
0,0,1,0,0,1,0,0,0,2000.0
10,0,38,0,0,40,0,0,0,10091.619288616528
10,0,145,0,0,139,0,0,0,5073.3956695458455
10,0,33,0,0,33,0,0,0,10108.159659087036
10,0,12,0,0,16,0,0,0,5326.217506744323
0,5,10,0,1,9,0,0,0,64.95810473887326
1,0,11,0,0,12,0,0,0,12000.0
1,0,4,0,0,5,0,0,0,5000.0
1,0,4,0,0,5,0,0,0,5000.0
1,0,4,0,0,5,0,0,0,5000.0
1,0,4,0,0,5,0,0,0,5000.0
1,0,8,0,0,9,0,0,0,6785.559725742755
2,11,27,0,0,15,0,0,0,7411.201033683653
2,0,2167,0,0,456,0,0,0,51183.94191960595
2,0,15,0,0,15,0,0,0,5961.816319946133
0,0,26,0,0,10,0,0,0,6.490847191466841
0,0,1,0,0,1,0,0,0,1000.0
0,10,2,0,0,2,0,0,0,0.408651498598337
0,0,6,0,0,1,0,0,0,1.2000091452696962
0,0,6,0,0,1,0,0,0,1.2000008846406522
0,0,7,0,0,1,0,0,0,1.166670889237505
0,0,5,1,0,3,1,1,0,1.37155125909591
0,2,84,0,0,34,0,0,0,16.79357344874749
0,0,82,0,0,13,0,0,0,16.397865325891875
0,3,202,0,0,9,0,0,0,40.310250830873045
0,0,8,3,0,4,0,0,0,2.199963947430822
0,0,0,0,0,0,3,1,0,4.02581855670387
0,0,6,0,0,2,0,0,0,8.01913497117937
0,0,55,0,0,8,0,0,0,45.60541945152948
0,0,8,0,9,1,0,0,0,27.241506641456887
0,0,30,0,0,13,0,0,0,22.663424178337046
1,0,4,0,0,5,0,0,0,5000.0
1,0,4,0,0,5,0,0,0,5000.0
1,0,4,0,0,5,0,0,0,5000.0
1,0,4,0,0,5,0,0,0,5000.0
1,0,8,0,0,9,0,0,0,7125.997936627708
0,0,1,0,0,1,0,0,0,2000.0
1,0,11,0,0,12,0,0,0,12000.0
1,0,4,0,0,5,0,0,0,5000.0
1,0,4,0,0,5,0,0,0,5000.0
1,0,4,0,0,5,0,0,0,5000.0
1,0,4,0,0,5,0,0,0,5000.0
1,0,8,0,0,9,0,0,0,8414.517848127301
2,11,27,0,0,15,0,0,0,7227.729558298493
2,0,2149,0,0,453,0,0,0,70270.16149265715
2,0,15,0,0,15,0,0,0,5426.041616462483
10,0,38,0,0,40,0,0,0,10766.66988919078
10,0,145,0,0,139,0,0,0,5077.972430475514
10,0,33,0,0,33,0,0,0,10200.50153256605
10,0,12,0,0,16,0,0,0,5543.931499182396
0,4,10,0,1,9,0,0,0,64.92362818188562
0,8,1,0,0,1,0,0,0,1000.0
0,0,1,0,0,1,0,0,0,1000.0
0,2,86,0,0,34,0,0,0,17.729674164596585
0,0,26,0,0,10,0,0,0,6.490380838590241
0,0,8,2,0,3,0,0,0,1.9999710112201807
0,0,6,0,0,1,0,0,0,1.1999826710502473
0,0,6,0,0,1,0,0,0,1.1999774464238944
0,0,6,0,0,1,0,0,0,1.1999819299521095
0,0,12,0,0,2,0,0,0,2.389919931936514
0,0,2,0,0,2,5,1,0,1.3942024172628131
0,3,202,0,0,9,0,0,0,40.34404208743197
0,0,83,1,0,14,0,0,0,16.797696209403036
0,0,2,0,0,2,0,0,0,2000.0
1,0,4,0,0,5,0,0,0,5000.0
1,0,4,0,0,5,0,0,0,5000.0
1,0,4,0,0,5,0,0,0,5000.0
1,0,4,0,0,5,0,0,0,5000.0
1,0,8,0,0,9,0,0,0,7485.932684829758
0,0,1,1,0,2,0,0,0,20.17743552542607
0,1,2,0,0,2,0,0,0,720.5111882778594
0,0,15,0,0,13,0,0,0,46.531493897054894
0,0,7,0,8,1,0,0,0,18.25044105688815
0,0,55,0,0,8,0,0,0,45.61931972284634
1,0,11,0,0,12,0,0,0,12000.0
1,0,4,0,0,5,0,0,0,5000.0
1,0,4,0,0,5,0,0,0,5000.0
1,0,4,0,0,5,0,0,0,5000.0
1,0,4,0,0,5,0,0,0,5000.0
1,0,8,0,0,9,0,0,0,8079.277461239667
2,11,27,0,0,15,0,0,0,7161.243547472624
2,0,2172,0,0,457,0,0,0,62765.367005903754
2,0,15,0,0,15,0,0,0,5355.204408152259
0,0,0,0,1,1,0,0,0,1000.0
0,8,1,0,0,1,0,0,0,1000.0
0,0,13,0,0,10,0,0,0,13000.0
10,0,38,0,0,40,0,0,0,9311.805215658498
10,0,145,0,0,139,0,0,0,4564.790247299132
10,0,33,0,0,33,0,0,0,8678.728215130737
10,0,12,0,0,16,0,0,0,5539.283211716693
0,4,13,0,1,10,2,1,0,5.315836136426056
1,0,4,0,0,5,0,0,0,5000.0
1,0,4,0,0,5,0,0,0,5000.0
1,0,4,0,0,5,0,0,0,5000.0
1,0,4,0,0,5,0,0,0,5000.0
1,0,8,0,0,9,0,0,0,7419.064192216413
0,0,9,0,0,1,0,0,0,2.137176550484276
0,0,2,0,0,1,0,0,0,0.6000093475456255
0,0,6,0,0,1,0,0,0,1.199992999960834
0,0,6,0,0,1,0,0,0,1.199988167636672
0,0,6,0,0,1,0,0,0,1.1999967748886677
0,0,8,2,0,4,0,0,0,1.9999990000005001
0,2,84,0,0,34,0,0,0,16.644952978736054
0,0,81,0,0,13,0,0,0,16.199971889808776
0,3,202,0,0,9,0,0,0,40.31917685543776
0,0,1,0,0,1,0,0,0,1000.0
0,0,1,0,0,1,0,0,0,1000.0
0,0,1,0,0,1,0,0,0,1000.0
0,0,1,0,0,1,0,0,0,1000.0
1,0,11,0,0,12,0,0,0,12000.0
1,0,4,0,0,5,0,0,0,5000.0
1,0,4,0,0,5,0,0,0,5000.0
1,0,4,0,0,5,0,0,0,5000.0
1,0,4,0,0,5,0,0,0,5000.0
1,0,8,0,0,9,0,0,0,8234.632117810137
2,6,27,0,0,15,0,0,0,6509.569066527796
2,0,2172,0,0,457,0,0,0,67125.8125766416
2,0,15,0,0,15,0,0,0,5296.629972445061
0,0,13,0,0,12,0,0,0,786.9388966765572
0,1,82,0,0,33,0,0,0,169.61753287951584
0,0,7,0,8,1,0,0,0,30.295970056723508
0,3,48,0,0,9,0,0,0,47.58337524065626
0,11,1,0,0,1,0,0,0,1000.0
0,0,1,0,0,1,0,0,0,1000.0
0,0,616,0,0,30,0,0,0,8775.409797391743
10,0,38,0,0,40,0,0,0,11068.785816457856
10,0,145,0,0,139,0,0,0,4672.543480353356
10,0,33,0,0,33,0,0,0,10162.066047284803
0,0,2,0,0,2,0,0,0,2000.0
10,0,12,0,0,16,0,0,0,5165.2201311167655
0,4,10,0,1,9,0,0,0,62.07320684909218
0,0,1,0,0,1,0,0,0,2000.0
0,0,9,0,0,9,0,0,0,4136.3050387089215
0,1,1,0,0,1,0,0,0,1000.0
0,0,26,0,0,10,0,0,0,6.490641112127218
0,0,7,0,0,1,0,0,0,3.1851329018521457
0,0,4,1,1,3,4,1,0,2.174424799554547
0,0,85,2,0,17,0,0,0,17.399931907106474
0,2,84,0,0,34,0,0,0,16.79518919608379
0,0,201,0,0,8,0,0,0,40.165507629330264
0,0,8,2,0,3,0,0,0,1.9999995516001003
0,0,6,0,0,1,0,0,0,1.1999993553603463
0,0,6,0,0,1,0,0,0,1.1999950891400972
0,0,6,0,0,1,0,0,0,1.1999953231382274
0,1,2,0,0,2,0,0,0,680.7312551288846
0,0,5,1,0,2,0,0,0,5090.768400582384
0,0,31,0,0,13,0,0,0,23.385173928875602
0,0,10,0,11,1,0,0,0,16.61293176968137
0,0,63,0,0,8,0,0,0,44.71249796738226
1,0,4,0,0,5,0,0,0,5000.0
1,0,4,0,0,5,0,0,0,5000.0
1,0,4,0,0,5,0,0,0,5000.0
1,0,4,0,0,5,0,0,0,5000.0
1,0,8,0,0,9,0,0,0,7292.888056599294
1,0,11,0,0,12,0,0,0,12000.0
1,0,4,0,0,5,0,0,0,5000.0
1,0,4,0,0,5,0,0,0,5000.0
1,0,4,0,0,5,0,0,0,5000.0
1,0,4,0,0,5,0,0,0,5000.0
1,0,8,0,0,9,0,0,0,8212.930254883728
2,11,27,0,0,15,0,0,0,7414.606109277488
2,0,2172,0,0,457,0,0,0,72024.29107010439
2,0,15,0,0,15,0,0,0,5954.520076189835
0,0,13,0,0,10,0,0,0,13000.0
0,0,1,0,0,1,0,0,0,1000.0
10,0,38,0,0,40,0,0,0,10948.715305117887
10,0,145,0,0,139,0,0,0,5002.5414524301395
10,0,33,0,0,33,0,0,0,9066.930605719463
10,0,12,0,0,16,0,0,0,5063.003322941136
0,4,10,0,1,9,0,0,0,62.80484759330339
0,0,1,0,0,1,0,0,0,1000.0
1,0,4,0,0,5,0,0,0,5000.0
1,0,4,0,0,5,0,0,0,5000.0
1,0,4,0,0,5,0,0,0,5000.0
1,0,4,0,0,5,0,0,0,5000.0
1,0,8,0,0,9,0,0,0,6860.838562181686
0,2,87,0,0,34,0,0,0,15.793843952621675
0,0,8,0,0,2,0,0,0,1.338425441631861
0,0,11,1,6,10,2,1,0,3.918135491063191
0,8,2,0,0,2,0,0,0,0.3931019606370685
0,0,9,3,0,4,0,0,0,2.3535158191995307
0,0,6,0,0,1,0,0,0,1.1999838690968412
0,0,6,0,0,1,0,0,0,1.1999787990145747
0,0,6,0,0,1,0,0,0,1.1999855857731436
0,0,82,1,0,14,0,0,0,16.599908006629807
0,3,202,0,0,9,0,0,0,40.34148478121271
0,0,1,0,0,1,0,0,0,1000.0
0,0,1,0,0,1,0,0,0,1000.0
0,0,1,0,0,1,0,0,0,1000.0
0,0,8,0,0,5,0,0,0,6246.325403883497
1,0,11,0,0,12,0,0,0,12000.0
1,0,4,0,0,5,0,0,0,5000.0
1,0,4,0,0,5,0,0,0,5000.0
1,0,4,0,0,5,0,0,0,5000.0
1,0,4,0,0,5,0,0,0,5000.0
1,0,8,0,0,9,0,0,0,8179.892189020949
2,6,27,0,0,15,0,0,0,7043.293424575556
2,0,2162,0,0,456,0,0,0,64288.65773690081
2,0,15,0,0,15,0,0,0,5844.328405876919
0,0,5,0,6,1,0,0,0,11.00439560678557
0,3,56,0,0,9,0,0,0,46.52591186427527
0,0,1,0,0,1,0,0,0,2000.0
0,2,83,0,0,34,0,0,0,33.37386377318688
0,0,11,0,0,6,0,0,0,11000.0
0,0,10,0,0,5,0,0,0,10000.0
0,0,117,0,0,15,0,0,0,11375.93598673313
10,0,38,0,0,40,0,0,0,8886.224667085924
0,0,114,0,0,15,0,0,0,10591.606244959696
0,0,154,0,0,20,0,0,0,11565.865765510483
10,0,145,0,0,139,0,0,0,4050.411473462083
10,0,33,0,0,33,0,0,0,8709.151799503174
10,0,12,0,0,16,0,0,0,5229.149657074743
0,4,10,0,1,9,0,0,0,61.43365040375898
0,0,9,1,1,10,0,0,0,107.03353559168644
2,0,739,1,2,183,0,0,0,7235.112608303995
0,12,412,0,1,73,0,0,0,2106.7677879837047
0,0,26,0,0,10,0,0,0,6.490493092431067
0,0,10,1,0,8,3,1,0,6.174197148968326
0,0,80,0,0,13,0,0,0,18.495748603639473
1,0,4,0,0,5,0,0,0,5000.0
1,0,4,0,0,5,0,0,0,5000.0
1,0,4,0,0,5,0,0,0,5000.0
1,0,4,0,0,5,0,0,0,5000.0
1,0,8,0,0,9,0,0,0,7005.019485629203
0,0,6,0,0,1,0,0,0,5.863169415360717
2,0,988,0,0,221,0,0,0,71771.16221652838
2,0,15,0,0,15,0,0,0,5370.106135409437
0,0,6,0,0,1,0,0,0,0.9999879661448153
0,0,10,0,9,1,0,0,0,3.737717385832505
0,2,162,0,0,9,0,0,0,32.33120840936551
0,0,5,0,0,1,0,0,0,0.9999911878776543
0,0,8,3,0,4,0,0,0,2.199998174441515
0,0,5,0,0,1,0,0,0,0.9999929496497078
0,0,3,0,0,1,0,0,0,3000.0
0,0,1,0,0,1,0,0,0,1000.0
0,0,7,0,8,1,0,0,0,16.450515718568116
0,0,17,0,0,13,0,0,0,16.996496546159932
0,0,47,0,0,8,0,0,0,46.82615345680702
0,9,1,0,0,1,0,0,0,1000.0
0,0,1,0,0,1,0,0,0,1000.0
1,0,4,0,0,5,0,0,0,5000.0
1,0,4,0,0,5,0,0,0,5000.0
1,0,4,0,0,5,0,0,0,5000.0
1,0,4,0,0,5,0,0,0,5000.0
1,0,8,0,0,9,0,0,0,6358.860153121352
10,0,38,0,0,40,0,0,0,11232.555315069667
10,0,145,0,0,139,0,0,0,5110.939031839106
10,0,33,0,0,33,0,0,0,10225.065583095065
10,0,12,0,0,16,0,0,0,5519.1583785214425
0,4,11,0,1,10,2,1,0,13.924420875204934
0,0,2,0,0,2,0,0,0,2000.0
1,0,11,0,0,12,0,0,0,12000.0
1,0,4,0,0,5,0,0,0,5000.0
1,0,4,0,0,5,0,0,0,5000.0
1,0,4,0,0,5,0,0,0,5000.0
1,0,4,0,0,5,0,0,0,5000.0
1,0,8,0,0,9,0,0,0,8342.247178930078
2,11,27,0,0,15,0,0,0,6372.484928523792
2,0,2172,0,0,457,0,0,0,70802.57025705828
2,0,15,0,0,15,0,0,0,6061.046864014353
0,0,24,1,0,17,4,1,0,8.677536428472974
0,2,86,0,0,34,0,0,0,18.971596645404336
0,0,2,0,0,1,0,0,0,0.8000671512361376
1,0,13,0,0,14,0,0,0,2950.5761632225017
1,0,13,0,0,14,0,0,0,3540.6573685632115
0,0,26,0,0,10,0,0,0,6.4899863874557395
0,0,10,0,0,1,0,0,0,1.8096666348432566
0,0,6,0,0,1,0,0,0,1.1999752584301315
0,0,6,0,0,1,0,0,0,1.1999660786389093
0,0,6,0,0,1,0,0,0,1.1999646180832642
0,0,8,3,0,4,0,0,0,2.1999584960230054
0,0,82,1,0,14,0,0,0,16.597232876140424
0,3,202,0,0,9,0,0,0,40.360298260726
0,0,7,1,1,4,0,0,0,62.94356945345218
0,1,82,0,0,33,0,0,0,141.9717012205617
0,0,29,0,0,13,0,0,0,28.52746095247957
0,0,8,0,9,1,0,0,0,20.988599844454722
0,0,55,0,0,8,0,0,0,45.68163672340862
0,7,1,0,0,1,0,0,0,1000.0
1,0,4,0,0,5,0,0,0,5000.0
1,0,4,0,0,5,0,0,0,5000.0
1,0,4,0,0,5,0,0,0,5000.0
1,0,4,0,0,5,0,0,0,5000.0
1,0,8,0,0,9,0,0,0,6957.183175675832
0,0,10,0,0,2,0,0,0,4198.381943598937
10,0,38,0,0,40,0,0,0,10680.030945389664
10,0,145,0,0,139,0,0,0,5088.654873506545
10,0,33,0,0,33,0,0,0,9116.81201621266
10,0,12,0,0,16,0,0,0,5479.31012496812
0,4,10,0,1,9,0,0,0,61.921144255910946
1,0,11,0,0,12,0,0,0,12000.0
1,0,4,0,0,5,0,0,0,5000.0
1,0,4,0,0,5,0,0,0,5000.0
1,0,4,0,0,5,0,0,0,5000.0
1,0,4,0,0,5,0,0,0,5000.0
1,0,8,0,0,9,0,0,0,7636.891276124533
2,11,27,0,0,15,0,0,0,7418.8511985665755
2,0,2171,0,0,456,0,0,0,73590.19324825385
2,0,15,0,0,15,0,0,0,5547.7035607445805
0,0,6,0,0,1,0,0,0,2.9773173317267783
0,0,13,0,0,10,0,0,0,10747.914284556819
0,0,1,0,0,1,0,0,0,1000.0
0,0,2,0,0,2,0,0,0,1878.3628565015306
0,0,7,1,0,5,0,0,0,1.5194666228013873
0,2,87,0,0,34,0,0,0,17.39909000671374
0,0,6,0,0,1,0,0,0,1.1999750412391272
0,0,6,0,0,1,0,0,0,1.1999799291357054
0,0,6,0,0,1,0,0,0,1.1999766669337022
0,0,8,2,0,3,0,0,0,1.9999697336580327
0,0,82,1,0,14,0,0,0,16.599729447649626
0,3,202,0,0,9,0,0,0,40.32612039402332
0,0,1,0,0,1,0,0,0,1000.0
0,0,1,0,0,1,0,0,0,1000.0
0,0,2,1,0,2,0,0,0,30.26143489092402
0,0,14,0,0,13,0,0,0,43.58578239250205
0,0,1,0,0,1,0,0,0,1000.0
1,0,4,0,0,5,0,0,0,5000.0
1,0,4,0,0,5,0,0,0,5000.0
1,0,4,0,0,5,0,0,0,5000.0
1,0,4,0,0,5,0,0,0,5000.0
1,0,8,0,0,9,0,0,0,6866.748457270513
0,0,616,0,0,30,0,0,0,8733.756701244214
0,0,6,0,7,1,0,0,0,12.805129477978282
0,0,55,0,0,8,0,0,0,45.64842434785897
10,0,38,0,0,40,0,0,0,10764.108157758768
10,0,145,0,0,139,0,0,0,4886.1361623662415
10,0,33,0,0,33,0,0,0,9256.911145277963
10,0,12,0,0,16,0,0,0,5246.609736181384
0,5,10,0,1,9,0,0,0,63.4197653256515
0,0,2,0,0,2,0,0,0,2000.0
1,0,11,0,0,12,0,0,0,12000.0
1,0,4,0,0,5,0,0,0,5000.0
1,0,4,0,0,5,0,0,0,5000.0
1,0,4,0,0,5,0,0,0,5000.0
1,0,4,0,0,5,0,0,0,5000.0
1,0,8,0,0,9,0,0,0,8322.375538873815
2,11,27,0,0,15,0,0,0,7318.877960486135
2,0,2172,0,0,457,0,0,0,71319.76871136791
2,0,15,0,0,15,0,0,0,5977.4019046815365
0,0,1,0,0,1,0,0,0,1000.0
0,0,7,0,0,2,0,0,0,2.0299343632903235
0,0,11,1,2,7,2,1,0,4.211861769692405
0,11,2,0,0,2,0,0,0,0.4048388520053739
0,0,0,0,0,0,1,1,0,1000.0
0,0,26,0,0,10,0,0,0,6.49010337765159
0,3,86,0,0,34,0,0,0,17.5660349478557
0,0,0,0,0,0,1,1,0,1000.0
0,0,0,0,0,0,1,1,0,1000.0
0,0,7,0,0,1,0,0,0,1.1666575741264198
0,0,82,0,0,13,0,0,0,16.397700209427466
0,0,6,0,0,1,0,0,0,1.199988577548728
0,0,6,0,0,1,0,0,0,1.1999964561704657
0,0,8,2,0,3,0,0,0,1.999992873625393
0,3,202,0,0,9,0,0,0,40.360878192695644
10,0,38,0,0,40,0,0,0,10753.19403466561
10,0,145,0,0,139,0,0,0,4986.957336998243
10,0,33,0,0,33,0,0,0,9443.594398938278
10,0,12,0,0,16,0,0,0,5332.555103473384
0,4,9,0,1,8,0,0,0,57.095852900391385
0,2,2,0,0,2,0,0,0,780.0853569397564
0,0,31,0,0,13,0,0,0,23.480607460221034
0,0,63,0,0,8,0,0,0,44.92046501183377
0,0,9,0,10,1,0,0,0,15.332720445223854
1,0,4,0,0,5,0,0,0,5000.0
1,0,4,0,0,5,0,0,0,5000.0
1,0,4,0,0,5,0,0,0,5000.0
1,0,4,0,0,5,0,0,0,5000.0
1,0,8,0,0,9,0,0,0,7533.473734962349
0,0,2,0,0,2,0,0,0,0.7438168534661598
0,0,8,1,0,4,0,0,0,606.641184142022
0,0,13,0,0,10,0,0,0,12859.090090785177
1,0,11,0,0,12,0,0,0,12000.0
1,0,4,0,0,5,0,0,0,5000.0
1,0,4,0,0,5,0,0,0,5000.0
1,0,4,0,0,5,0,0,0,5000.0
1,0,4,0,0,5,0,0,0,5000.0
1,0,8,0,0,9,0,0,0,8115.62419970928
2,11,27,0,0,15,0,0,0,7359.358223359566
2,0,2172,0,0,457,0,0,0,71454.44537529508
2,0,15,0,0,15,0,0,0,5947.014895873016
0,9,1,0,0,1,0,0,0,1000.0
0,0,1,0,0,1,0,0,0,1000.0
10,0,38,0,0,40,0,0,0,10496.499745350542
10,0,145,0,0,139,0,0,0,4704.101399788831
10,0,33,0,0,33,0,0,0,10017.16429454004
10,0,12,0,0,16,0,0,0,5379.294021452624
0,0,4,0,0,3,0,0,0,4000.0
0,0,2,0,0,1,0,0,0,0.41960984860904665
0,5,11,0,1,9,0,0,0,2.370983613749134
0,0,6,0,0,1,0,0,0,1.1999964396105636
0,0,6,0,0,1,0,0,0,1.199998057683144
0,0,6,0,0,1,0,0,0,1.1999926332452244
0,0,8,2,0,3,0,0,0,1.9999924236287006
0,2,84,0,0,34,0,0,0,16.77690730849687
0,0,82,1,0,14,0,0,0,16.59998038878317
0,3,202,0,0,9,0,0,0,40.2494218976031
0,0,2,0,0,1,0,0,0,0.7999968972920336
0,0,1,0,0,1,0,0,0,1000.0
0,0,1,0,0,1,0,0,0,1000.0
0,0,1,0,0,1,0,0,0,1000.0
0,0,2,1,0,2,0,0,0,30.392113578813404
1,0,4,0,0,5,0,0,0,5000.0
1,0,4,0,0,5,0,0,0,5000.0
1,0,4,0,0,5,0,0,0,5000.0
1,0,4,0,0,5,0,0,0,5000.0
1,0,8,0,0,9,0,0,0,7499.743758754909
0,1,79,0,0,30,0,0,0,20957.8868507565
0,0,7,0,7,1,0,0,0,22.162293165274008
0,0,71,0,0,8,0,0,0,43.86943877180678
0,0,30,0,0,13,0,0,0,22.744017803616842
0,0,80,0,0,4,1,1,0,496.0413451073544
1,0,11,0,0,12,0,0,0,12000.0
1,0,4,0,0,5,0,0,0,5000.0
1,0,4,0,0,5,0,0,0,5000.0
1,0,4,0,0,5,0,0,0,5000.0
1,0,4,0,0,5,0,0,0,5000.0
1,0,8,0,0,9,0,0,0,8326.849185032766
2,11,27,0,0,15,0,0,0,7389.199589160503
0,9,1,0,0,1,0,0,0,1000.0
2,0,2030,0,0,429,0,0,0,67162.56570123453
2,0,15,0,0,15,0,0,0,5986.621661357942
10,0,38,0,0,40,0,0,0,9858.760926279883
10,0,145,0,0,139,0,0,0,5059.807578455744
10,0,33,0,0,33,0,0,0,9553.209711837426
10,0,12,0,0,16,0,0,0,5316.210624398604
0,4,10,0,1,9,0,0,0,64.45940248970106
0,0,26,0,0,10,0,0,0,6.491574444336951
0,0,9,0,0,2,0,0,0,5.864334455431595
0,0,1,0,0,1,0,0,0,2000.0
0,0,14,1,4,6,2,1,0,4.75820865231909
0,0,3,0,0,2,0,0,0,3000.0
0,0,11,0,0,9,0,0,0,11000.0
1,0,4,0,0,5,0,0,0,5000.0
1,0,4,0,0,5,0,0,0,5000.0
1,0,4,0,0,5,0,0,0,5000.0
1,0,4,0,0,5,0,0,0,5000.0
1,0,8,0,0,9,0,0,0,6638.597692128394
0,2,87,0,0,34,0,0,0,17.398080779433442
0,0,9,2,0,4,0,0,0,2.199954456542841
0,0,7,0,0,2,0,0,0,1.3999788029209448
0,0,7,0,0,2,0,0,0,1.399978817760496
0,0,7,0,0,2,0,0,0,1.399979099992012
0,3,202,0,0,9,0,0,0,40.34206596126659
0,0,83,1,0,14,0,0,0,16.797949665780923
0,0,1,0,0,1,0,0,0,1000.0
0,0,1,1,0,2,0,0,0,20.35050861313909
0,0,1,0,0,1,3,2,0,81.96943200040313
0,0,4,0,5,1,0,0,0,18.574867327771788
0,0,39,0,0,8,0,0,0,47.65797464109638
0,0,15,0,0,13,0,0,0,47.257508922808405
1,0,11,0,0,12,0,0,0,12000.0
1,0,4,0,0,5,0,0,0,5000.0
1,0,4,0,0,5,0,0,0,5000.0
1,0,4,0,0,5,0,0,0,5000.0
1,0,4,0,0,5,0,0,0,5000.0
1,0,8,0,0,9,0,0,0,7983.132527983097
2,6,27,0,0,15,0,0,0,7287.550928044481
2,0,2172,0,0,457,0,0,0,70811.43981936373
2,0,15,0,0,15,0,0,0,5310.055714978699
0,0,1,0,0,1,0,0,0,1000.0
0,0,2,0,0,2,0,0,0,2000.0
0,0,1,0,0,1,0,0,0,2000.0
10,0,38,0,0,40,0,0,0,11230.807602695208
10,0,145,0,0,139,0,0,0,5055.828249534938
10,0,33,0,0,33,0,0,0,10008.397743967498
10,0,12,0,0,16,0,0,0,5495.405840717161
0,4,10,0,1,9,0,0,0,65.02478532008013
0,0,0,0,1,1,0,0,0,1000.0
1,0,4,0,0,5,0,0,0,5000.0
1,0,4,0,0,5,0,0,0,5000.0
1,0,4,0,0,5,0,0,0,5000.0
1,0,4,0,0,5,0,0,0,5000.0
1,0,8,0,0,9,0,0,0,6543.646119617851
0,2,87,0,0,35,8,8,0,20.07915910884388
0,11,2,0,0,2,0,0,0,0.4034553128197284
0,0,0,0,0,0,1,1,0,1000.0
0,0,7,0,0,2,3,1,0,2.2417702008188756
0,0,6,0,0,1,0,0,0,1.2000020860836265
0,0,6,0,0,1,0,0,0,1.2000020652035541
0,0,26,0,0,10,0,0,0,6.492044105444494
1,0,11,0,0,12,0,0,0,12000.0
1,0,4,0,0,5,0,0,0,5000.0
1,0,4,0,0,5,0,0,0,5000.0
1,0,4,0,0,5,0,0,0,5000.0
1,0,4,0,0,5,0,0,0,5000.0
1,0,8,0,0,9,0,0,0,8294.479839345142
2,11,27,0,0,15,0,0,0,7274.79796757196
0,0,198,0,0,44,0,0,0,78669.23440928743
0,0,6,0,0,1,0,0,0,1.1999966140895537
0,0,8,2,0,4,0,0,0,1.9997154081020374
0,5,202,0,0,9,0,0,0,40.30867970260197
0,0,81,0,0,13,0,0,0,16.199965095555207
2,0,1974,0,0,418,0,0,0,70497.10196617345
2,0,15,0,0,15,0,0,0,5643.217218053249
0,1,2,0,0,2,0,0,0,733.4951668169721
0,0,6,0,7,1,0,0,0,21.137450296423797
0,2,32,0,0,9,0,0,0,45.80068818911805
0,0,1,0,0,1,0,0,0,2000.0
0,0,13,0,0,10,0,0,0,13000.0
10,0,38,0,0,40,0,0,0,10704.673013497031
10,0,145,0,0,139,0,0,0,4617.064814534591
10,0,33,0,0,33,0,0,0,10205.408771714972
10,0,12,0,0,16,0,0,0,5358.767015912128
0,4,13,0,1,10,6,1,0,6.1104527678746745
1,0,4,0,0,5,0,0,0,5000.0
1,0,4,0,0,5,0,0,0,5000.0
1,0,4,0,0,5,0,0,0,5000.0
1,0,4,0,0,5,0,0,0,5000.0
1,0,8,0,0,9,0,0,0,7090.270966522104
0,9,1,0,0,1,0,0,0,1000.0
0,0,6,1,0,2,3,1,0,8.728508595217722
2,0,348,0,0,93,0,0,0,44052.242435348926
2,0,15,0,0,15,0,0,0,5638.0367162216935
0,0,1,0,0,1,0,0,0,1000.0
0,0,79,1,0,14,0,0,0,18.05547593278747
0,0,616,0,0,30,0,0,0,8811.438884081615
0,0,6,0,0,1,0,0,0,5.817046686037374
0,2,84,0,0,34,0,0,0,16.659061385362346
0,0,8,2,0,3,0,0,0,1.999981341374074
0,0,6,0,0,1,0,0,0,1.1999913163828382
0,0,6,0,0,1,0,0,0,1.1999914464609696
0,0,6,0,0,1,0,0,0,1.1999922106105625
0,0,20,0,18,1,0,0,0,7.537333676201618
0,2,202,0,0,9,0,0,0,40.29536373952593
0,0,4,0,0,3,0,0,0,4000.0
0,0,1,0,0,1,0,0,0,1000.0
0,0,1,0,0,1,0,0,0,1000.0
0,0,28,0,0,13,0,0,0,27.549466602183074
0,0,1,0,0,1,0,0,0,1000.0
0,0,9,0,0,9,0,0,0,4184.320236256019
0,1,1,0,0,1,0,0,0,1000.0
0,0,7,0,7,1,0,0,0,13.034475017041458
0,0,70,0,0,8,0,0,0,43.142782911208776
0,0,2,1,0,2,0,0,0,2.7310336162864104
0,0,8,0,0,2,0,0,0,2.530631205342392
0,0,6,1,2,4,0,0,0,8.907728395732239
0,9,1,0,0,1,0,0,0,1000.0
10,0,38,0,0,40,0,0,0,10720.825896690994
10,0,145,0,0,139,0,0,0,5072.449302505495
10,0,33,0,0,33,0,0,0,10192.036937838056
10,0,12,0,0,16,0,0,0,5453.16819157079
0,4,10,0,1,9,0,0,0,64.54949411681241
0,0,26,0,0,10,0,0,0,6.490535838148675
0,2,86,0,0,34,0,0,0,17.78368610098047
0,0,7,0,0,1,0,0,0,1.166663209065803
0,0,87,1,0,16,0,0,0,17.597284503197542
0,0,1,0,0,1,0,0,0,0.599996276543107
0,0,6,0,0,1,0,0,0,1.199997762004174
0,0,6,0,0,1,0,0,0,1.1999912357440106
0,0,201,0,0,8,0,0,0,40.17197256911175
0,0,7,2,0,4,0,0,0,1.799931897416743
0,0,15,0,0,13,0,0,0,46.83824047066162
1,0,4,0,0,5,0,0,0,5000.0
1,0,4,0,0,5,0,0,0,5000.0
1,0,4,0,0,5,0,0,0,5000.0
1,0,4,0,0,5,0,0,0,5000.0
1,0,8,0,0,9,0,0,0,7051.716505326004
0,1,82,0,0,33,0,0,0,188.5358183727594
0,0,33,0,0,8,0,0,0,41.2748255177106
0,0,1,0,0,1,0,0,0,1000.0
0,0,3,0,4,1,0,0,0,12.582953367238677
1,0,11,0,0,12,0,0,0,12000.0
1,0,4,0,0,5,0,0,0,5000.0
1,0,4,0,0,5,0,0,0,5000.0
1,0,4,0,0,5,0,0,0,5000.0
1,0,4,0,0,5,0,0,0,5000.0
1,0,8,0,0,9,0,0,0,8162.754439858185
2,11,27,0,0,15,0,0,0,7411.000275484769
2,0,1981,0,0,419,0,0,0,71374.8590319539
2,0,15,0,0,15,0,0,0,6057.982014920453
0,10,1,0,0,1,0,0,0,1000.0
0,0,1,0,0,1,0,0,0,1000.0
0,0,616,0,0,444,0,0,0,9714.422473168324
0,0,13,0,0,10,0,0,0,13000.0
0,0,4,0,0,3,0,0,0,4000.0
10,0,38,0,0,40,0,0,0,11184.212365824402
10,0,145,0,0,139,0,0,0,4972.649625022116
10,0,33,0,0,33,0,0,0,9647.325200563404
10,0,12,0,0,16,0,0,0,5437.470449201792
0,5,10,0,1,9,0,0,0,63.48706111474011
0,0,7,0,0,2,2,1,0,199.1006799266097
0,0,16,0,2,14,24,8,0,32.83475036597691
0,0,1,0,0,1,0,0,0,2000.0
1,0,13,0,0,14,0,0,0,3449.597074741681
0,0,11,1,6,12,0,0,0,4.12814984653338
1,0,4,0,0,5,0,0,0,5000.0
1,0,4,0,0,5,0,0,0,5000.0
1,0,4,0,0,5,0,0,0,5000.0
1,0,4,0,0,5,0,0,0,5000.0
1,0,8,0,0,9,0,0,0,6653.177964378886
0,0,1,0,0,1,0,0,0,1000.0
0,0,6,0,0,1,0,0,0,1.2000114622694853
0,0,6,0,0,1,0,0,0,1.200004581137489
0,0,6,0,0,1,0,0,0,1.200005796267997
0,0,9,2,0,4,0,0,0,1.8640798920835753
0,0,82,1,0,14,0,0,0,16.59991529395224
0,2,84,0,0,34,0,0,0,16.796771741095867
0,3,202,0,0,9,0,0,0,40.34019211525223
1,0,11,0,0,12,0,0,0,12000.0
1,0,4,0,0,5,0,0,0,5000.0
1,0,4,0,0,5,0,0,0,5000.0
1,0,4,0,0,5,0,0,0,5000.0
1,0,4,0,0,5,0,0,0,5000.0
1,0,8,0,0,9,0,0,0,7984.988222142373
2,6,27,0,0,15,0,0,0,7012.715988629727
2,0,1924,0,0,408,0,0,0,67347.53415186114
2,0,15,0,0,15,0,0,0,5653.101108373607
0,0,1,1,0,2,0,0,0,20.251353111878103
0,0,17,0,0,13,0,0,0,16.996918951504743
0,0,7,0,8,1,0,0,0,31.886718919248725
0,3,55,0,0,9,0,0,0,45.26048990709714
0,0,9,0,0,2,4,1,0,157.79238260914317
0,0,1,0,0,1,0,0,0,2000.0
10,0,38,0,0,40,0,0,0,10896.067631891792
10,0,145,0,0,139,0,0,0,5006.381359775813
10,0,33,0,0,33,0,0,0,10168.020629258599
10,0,12,0,0,16,0,0,0,5470.77103803653
0,0,7,0,1,6,4,3,0,7.6804405205753685
0,0,10,0,0,1,0,0,0,2.916657200655722
0,0,23,1,1,19,3,1,0,5.630009768306223
0,0,26,0,0,10,0,0,0,6.492322956327521
0,2,86,0,0,34,0,0,0,17.289359511750593
0,4,11,0,1,10,2,1,0,6.451124630385867
0,8,2,0,0,2,0,0,0,0.3979508009007593
0,0,6,0,0,1,0,0,0,1.1999805315158567
0,0,6,0,0,1,0,0,0,1.199992233650264
0,0,6,0,0,1,0,0,0,1.1999831407168662
0,0,8,2,0,4,0,0,0,1.9999526955188833
0,0,82,1,0,14,0,0,0,16.5966077496363
0,0,201,0,0,8,0,0,0,40.17424813018186
0,0,1,0,0,1,0,0,0,1000.0
0,1,2,0,0,2,0,0,0,710.2860428437439
0,0,2,0,0,2,1,1,0,4.8640384436996005
0,0,8,0,9,1,0,0,0,25.533506241431294
0,0,29,0,0,13,0,0,0,28.53435005302656
0,0,47,0,0,8,0,0,0,45.527894988240206
0,0,6,0,0,4,0,0,0,5592.997567046058
1,0,4,0,0,5,0,0,0,5000.0
1,0,4,0,0,5,0,0,0,5000.0
1,0,4,0,0,5,0,0,0,5000.0
1,0,4,0,0,5,0,0,0,5000.0
1,0,8,0,0,9,0,0,0,7434.176561693341
0,0,1,0,0,1,0,0,0,2000.0
1,0,11,0,0,12,0,0,0,12000.0
1,0,4,0,0,5,0,0,0,5000.0
1,0,4,0,0,5,0,0,0,4951.107810372571
1,0,4,0,0,5,0,0,0,5000.0
1,0,4,0,0,5,0,0,0,5000.0
1,0,8,0,0,9,0,0,0,7974.389804122405
2,11,27,0,0,15,0,0,0,6428.759699391197
2,0,2167,0,0,456,0,0,0,53376.060430854806
2,0,15,0,0,15,0,0,0,3997.4153182836135
0,0,13,0,0,10,0,0,0,13000.0
10,0,38,0,0,40,0,0,0,10326.717994757899
10,0,145,0,0,139,0,0,0,4857.286498520361
10,0,33,0,0,33,0,0,0,6958.155111517382
10,0,12,0,0,16,0,0,0,4822.667237495098
0,4,10,0,1,9,0,0,0,61.57835673475098
0,9,1,0,0,1,0,0,0,1000.0
0,0,9,0,0,1,0,0,0,2.205322604227806
0,0,10,0,0,2,0,0,0,4557.197615127344
0,2,84,0,0,34,0,0,0,15.834162867689543
0,0,6,0,0,1,0,0,0,1.199968035251477
0,0,6,0,0,1,0,0,0,1.199970662157275
0,0,8,2,0,3,0,0,0,1.9999660933748395
0,0,6,0,0,1,0,0,0,1.1999857640888862
0,0,17,2,1,7,3,1,0,4.475015059729267
0,0,81,0,0,13,0,0,0,16.199904433523766
0,3,202,0,0,9,0,0,0,40.31248409640072
1,0,4,0,0,5,0,0,0,5000.0
1,0,4,0,0,5,0,0,0,5000.0
1,0,4,0,0,5,0,0,0,5000.0
1,0,4,0,0,5,0,0,0,5000.0
1,0,8,0,0,9,0,0,0,7381.992695108118
0,0,2,0,0,1,0,0,0,423.5901595770029
0,0,7,0,8,1,0,0,0,23.326358757248553
0,0,15,0,0,13,0,0,0,47.34823480556556
0,0,39,0,0,8,0,0,0,47.531910368257606
0,0,1,0,0,1,0,0,0,1000.0
1,0,11,0,0,12,0,0,0,12000.0
1,0,4,0,0,5,0,0,0,5000.0
1,0,4,0,0,5,0,0,0,5000.0
1,0,4,0,0,5,0,0,0,5000.0
1,0,4,0,0,5,0,0,0,5000.0
1,0,8,0,0,9,0,0,0,8298.701622027336
2,11,27,0,0,15,0,0,0,7364.630473317181
2,0,2167,0,0,456,0,0,0,70543.26116715436
2,0,15,0,0,15,0,0,0,4878.071176223478
0,1,2,0,0,2,0,0,0,1681.9782755685926
0,10,1,0,0,1,0,0,0,1000.0
10,0,38,0,0,40,0,0,0,10713.585026693567
10,0,145,0,0,139,0,0,0,5023.284381481049
10,0,33,0,0,33,0,0,0,10148.785921981798
10,0,12,0,0,16,0,0,0,5018.818287296322
0,4,10,0,1,9,0,0,0,64.82741163216399
0,0,1,0,0,1,0,0,0,1000.0
0,0,616,0,0,30,0,0,0,8790.121159548262
0,0,4,1,0,2,5,1,0,4.608563259692907
0,0,26,0,0,10,0,0,0,6.490763732456716
0,0,4,0,0,3,0,0,0,4000.0
0,2,86,0,0,34,0,0,0,17.63342945621923
0,0,8,2,0,3,0,0,0,1.999974165933704
0,0,6,0,0,1,0,0,0,1.199983971574095
0,0,6,0,0,1,0,0,0,1.1999927258840943
0,0,6,0,0,1,0,0,0,1.1999909335885004
0,0,9,0,0,1,0,0,0,1.7742016380788561
0,0,82,1,0,14,0,0,0,16.599846896292107
0,3,202,0,0,9,0,0,0,40.318941300544765
0,0,1,0,0,1,0,0,0,2000.0
0,0,9,6,0,5,0,0,0,270.3164042699324
0,0,1,1,0,2,0,0,0,20.25832340312525
0,0,15,0,0,13,0,0,0,47.519888094845285
0,0,6,0,7,1,0,0,0,13.787222777196238
0,1,82,0,0,33,0,0,0,144.7844378750644
0,0,55,0,0,8,0,0,0,44.76600263868563
0,7,1,0,0,1,0,0,0,1000.0
0,0,13,0,0,10,0,0,0,12331.25156512039
0,0,0,0,0,0,1,1,0,1000.0
0,0,7,1,0,3,0,0,0,705.6761502190463
0,0,0,0,0,0,1,1,0,1000.0
0,0,2,0,0,2,0,0,0,3.0892240152555517
10,0,38,0,0,40,0,0,0,10624.313431411978
10,0,145,0,0,139,0,0,0,4736.329600626883
10,0,33,0,0,33,0,0,0,10271.281258733576
10,0,12,0,0,16,0,0,0,3528.9794175483635
0,5,10,0,1,9,0,0,0,62.89036010785788
0,0,5,0,0,1,0,0,0,1.2500019168779395
1,0,4,0,0,5,0,0,0,5000.0
1,0,4,0,0,5,0,0,0,5000.0
1,0,4,0,0,5,0,0,0,5000.0
1,0,4,0,0,5,0,0,0,5000.0
1,0,8,0,0,9,0,0,0,6535.064980329454
2,0,805,0,0,184,0,0,0,68842.88083996845
2,0,15,0,0,15,0,0,0,5458.369816113943
0,0,6,0,0,1,0,0,0,1.0000114759650296
0,0,6,0,0,1,0,0,0,1.0000101586031962
0,0,7,1,0,3,0,0,0,1.355698920464084
0,0,79,0,0,13,0,0,0,15.799999377480024
0,3,81,0,0,31,0,0,0,16.199008967309993
0,2,178,0,0,9,0,0,0,35.53602182050051
0,0,16,1,0,14,0,0,0,54.029956006489705
0,0,1,0,0,1,0,0,0,1000.0
0,0,3,0,4,1,0,0,0,11.155158956082952
0,0,27,0,0,8,0,0,0,43.772553473803704
0,9,1,0,0,1,0,0,0,1000.0
0,0,1,0,0,1,0,0,0,1000.0
10,0,38,0,0,40,0,0,0,10900.578548206446
10,0,145,0,0,139,0,0,0,4903.040166432591
10,0,33,0,0,33,0,0,0,9970.970562680419
10,0,12,0,0,16,0,0,0,5351.426994495085
0,4,10,0,1,9,0,0,0,63.18490861313928
0,0,2,0,0,2,0,0,0,2000.0
0,2,3,1,0,2,0,0,0,369.2953106881449
1,0,4,0,0,5,0,0,0,5000.0
1,0,4,0,0,5,0,0,0,5000.0
1,0,4,0,0,5,0,0,0,5000.0
1,0,4,0,0,5,0,0,0,5000.0
1,0,8,0,0,9,0,0,0,7588.827222641014
0,0,1,0,0,1,0,0,0,1000.0
1,0,11,0,0,12,0,0,0,12000.0
1,0,4,0,0,5,0,0,0,5000.0
1,0,4,0,0,5,0,0,0,5000.0
1,0,4,0,0,5,0,0,0,5000.0
1,0,4,0,0,5,0,0,0,5000.0
1,0,8,0,0,9,0,0,0,8036.34571287744
2,11,27,0,0,15,0,0,0,7097.0184446614885
2,0,2172,0,0,457,0,0,0,54172.57668546859
2,0,15,0,0,15,0,0,0,5678.690347028108
0,0,26,0,0,10,0,0,0,6.490685833375676
0,2,86,0,0,34,0,0,0,18.018381737909845
0,0,5,0,0,1,0,0,0,1.2499914116215085
0,0,7,2,0,3,0,0,0,2.249973176944771
0,0,5,0,0,1,0,0,0,1.249994652210379
0,0,6,0,0,1,0,0,0,1.1999844107625228
0,0,12,2,0,5,1,1,0,2.9151404815497357
0,0,81,0,0,13,0,0,0,16.19996829018207
0,0,18,0,17,1,0,0,0,6.992079524741706
0,3,202,0,0,9,0,0,0,40.36804701147966
0,0,1,1,0,2,0,0,0,20.394504774108835
0,0,0,0,0,0,1,1,0,1000.0
0,0,14,0,0,13,0,0,0,44.67749587894778
0,0,6,0,7,1,0,0,0,15.527377529861138
0,0,43,0,0,8,0,0,0,42.75094581496575
10,0,38,0,0,40,0,0,0,10751.370743773108
10,0,145,0,0,139,0,0,0,5017.494059529816
10,0,33,0,0,33,0,0,0,10264.648907232639
10,0,12,0,0,16,0,0,0,5399.4129856373165
0,4,10,0,1,9,0,0,0,63.534132439082335
0,0,13,0,0,10,0,0,0,13000.0
0,0,1,0,0,1,0,0,0,2000.0
0,0,2,0,0,2,4,1,0,2.00392230250571
0,2,86,0,0,34,0,0,0,18.77448812290854
0,9,2,0,0,2,0,0,0,0.4000976403882971
0,0,9,0,0,3,2,1,0,2.619738955683076
0,0,1,0,0,1,0,0,0,1000.0
0,0,6,0,0,1,0,0,0,1.1999857314496616
0,0,6,0,0,1,0,0,0,1.1999918210957459
0,0,6,0,0,1,0,0,0,1.199989736007792
0,0,8,2,0,4,0,0,0,1.9995922771359151
0,0,83,1,0,14,0,0,0,16.79768519163263
0,0,201,0,0,8,0,0,0,40.12401784556377
0,0,1,0,0,1,0,0,0,1000.0
0,0,15,0,0,13,0,0,0,48.07053200724938
0,0,2,0,0,2,0,0,0,2000.0
10,0,38,0,0,40,0,0,0,10475.722186466544
10,0,145,0,0,139,0,0,0,4924.105398855873
10,0,33,0,0,33,0,0,0,9961.716890322656
10,0,12,0,0,16,0,0,0,5451.037419141913
0,4,9,0,1,8,0,0,0,58.427012088408574
0,0,7,0,8,1,0,0,0,12.274549653912896
0,0,51,0,0,8,0,0,0,41.801983546576984
0,0,1,0,0,1,0,0,0,2000.0
0,8,1,0,0,1,0,0,0,1000.0
1,0,4,0,0,5,0,0,0,5000.0
1,0,4,0,0,5,0,0,0,5000.0
1,0,4,0,0,5,0,0,0,5000.0
1,0,4,0,0,5,0,0,0,5000.0
1,0,8,0,0,9,0,0,0,6660.6326268869025
0,0,26,0,0,10,0,0,0,6.490277687339641
0,0,9,0,0,1,0,0,0,2.1851653174013386
0,0,0,0,1,1,6,1,0,1.707284783418546
2,0,588,0,0,141,0,0,0,59825.64778248124
2,0,15,0,0,15,0,0,0,5220.075304192212
0,2,86,0,0,34,0,0,0,18.514944161503276
0,0,1,0,0,1,0,0,0,1000.0
10,0,38,0,0,40,0,0,0,9267.23580365662
10,0,145,0,0,139,0,0,0,4955.606715889376
10,0,33,0,0,33,0,0,0,7760.186417724699
10,0,12,0,0,16,0,0,0,4399.583799372579
0,0,6,0,0,1,0,0,0,1.0000067467121845
0,0,6,0,0,1,0,0,0,1.00001226031698
0,0,6,0,0,1,0,0,0,1.0000011836680678
0,0,81,0,0,13,0,0,0,16.199976853473075
0,5,11,0,1,9,0,0,0,2.3700980775855216
0,0,7,2,0,3,0,0,0,1.7999891305856361
0,2,193,0,0,9,0,0,0,38.55021347869824
0,1,2,0,0,2,0,0,0,723.1593966247258
0,0,15,0,0,13,0,0,0,48.18549611940998
0,0,8,0,9,1,0,0,0,27.732619828490385
0,0,35,0,0,8,0,0,0,43.708436227467125
0,0,13,0,0,10,0,0,0,10385.020646219893
0,11,1,0,0,1,0,0,0,1000.0
1,0,4,0,0,5,0,0,0,5000.0
1,0,4,0,0,5,0,0,0,5000.0
1,0,4,0,0,5,0,0,0,5000.0
1,0,4,0,0,5,0,0,0,5000.0
1,0,8,0,0,9,0,0,0,7171.423312384809
0,0,6,1,0,2,2,1,0,7.003290903978394
0,0,1,0,0,1,0,0,0,1000.0
1,0,11,0,0,12,0,0,0,12000.0
1,0,4,0,0,5,0,0,0,5000.0
1,0,4,0,0,5,0,0,0,5000.0
1,0,4,0,0,5,0,0,0,5000.0
1,0,4,0,0,5,0,0,0,5000.0
1,0,8,0,0,9,0,0,0,8316.077472577734
2,11,27,0,0,15,0,0,0,7263.659311334965
2,0,2111,0,0,445,0,0,0,64673.66291027871
2,0,15,0,0,15,0,0,0,5340.393543024409
0,0,616,0,0,30,0,0,0,8994.424376770712
0,0,2,0,0,2,0,0,0,2000.0
10,0,38,0,0,40,0,0,0,8879.690187609354
10,0,145,0,0,139,0,0,0,4657.938571286429
10,0,33,0,0,33,0,0,0,8087.728151519637
10,0,12,0,0,16,0,0,0,4005.7595539186163
0,4,13,0,1,10,2,1,0,5.3209623229601775
0,0,14,0,0,1,0,0,0,2.8830420042418066
0,0,9,0,0,9,0,0,0,2871.634125734181
0,1,1,0,0,1,0,0,0,1000.0
0,2,84,0,0,34,0,0,0,16.54821702131081
0,0,83,2,0,17,0,0,0,15.687598428756496
0,0,2,0,0,1,0,0,0,0.39997395985533324
0,3,202,0,0,9,0,0,0,40.364175438062425
0,0,8,2,0,3,0,0,0,1.9999775506519892
0,0,6,0,0,1,0,0,0,1.1999904703956783
0,0,6,0,0,1,0,0,0,1.1999899527241238
0,0,6,0,0,1,0,0,0,1.1999960779328187
0,0,2,1,0,2,0,0,0,3.3255628269270052
0,0,1,0,0,1,0,0,0,1000.0
0,0,1,0,0,1,0,0,0,1000.0
0,0,1,0,0,1,0,0,0,1000.0
0,1,82,0,0,33,0,0,0,63.18064620919925
0,0,47,0,0,13,0,0,0,20.294429133907304
0,0,6,1,0,3,0,0,0,7000.0
0,0,9,0,10,1,0,0,0,20.655911487966836
0,0,111,0,0,8,0,0,0,41.96768749850244
10,0,38,0,0,40,0,0,0,8644.343609777041
10,0,145,0,0,139,0,0,0,4035.4727952116277
10,0,33,0,0,33,0,0,0,8008.565812997008
10,0,12,0,0,16,0,0,0,4474.846278860216
0,4,10,0,1,9,0,0,0,60.79480922865204
0,0,26,0,0,10,0,0,0,6.489742893214974
0,0,1,0,0,1,0,0,0,2000.0
0,0,28,0,0,18,0,0,0,33.41945491057229
2,0,815,0,0,186,0,0,0,68059.84701445943
2,0,15,0,0,15,0,0,0,5023.762396133712
0,8,2,0,0,2,0,0,0,0.4015418001302686
0,0,1,0,0,1,0,0,0,1000.0
0,0,5,0,0,1,0,0,0,0.9999849398268122
0,0,5,0,0,1,0,0,0,0.9999860385949235
0,0,7,2,0,3,0,0,0,1.7650450499488668
0,0,5,0,0,1,0,0,0,0.9999920392633739
0,2,4,0,0,3,0,0,0,0.7877497487169878
0,0,49,0,0,13,0,0,0,9.799887873602906
0,0,4,0,0,2,0,0,0,0.7575515173619586
0,0,10,1,0,4,2,1,0,2.4646445978821325
0,2,145,0,0,9,0,0,0,28.9430061674075
0,0,1,0,0,1,0,0,0,1000.0
0,0,1,0,0,1,0,0,0,1000.0
0,0,1,0,0,1,0,0,0,1000.0
0,0,1,0,0,1,0,0,0,1000.0
0,0,4,0,0,3,0,0,0,4000.0
0,0,14,0,0,11,0,0,0,14000.0
0,2,15,0,0,12,0,0,0,15000.0
0,0,113,3,0,20,0,0,0,44830.62333503509
0,1,1417,0,1,145,0,0,0,78854.17433034148
0,0,15,0,0,12,0,0,0,15000.0
0,1,46,0,0,17,0,0,0,46000.0
0,1,2,0,0,2,0,0,0,732.3488367920338
0,0,30,0,0,13,0,0,0,22.822719154219243
0,0,8,0,9,1,0,0,0,18.16293094814989
0,0,79,0,0,8,0,0,0,42.801073149465005
10,0,38,0,0,40,0,0,0,10683.094892590383
10,0,145,0,0,139,0,0,0,4666.671263086964
10,0,33,0,0,33,0,0,0,9313.73175456194
1,0,4,0,0,5,0,0,0,5000.0
1,0,4,0,0,5,0,0,0,5000.0
10,0,12,0,0,16,0,0,0,4764.184764613541
1,0,4,0,0,5,0,0,0,5000.0
1,0,4,0,0,5,0,0,0,5000.0
0,0,16,0,1,17,0,0,0,17000.0
1,0,8,0,0,9,0,0,0,7527.08496071698
1,1,34,0,0,31,0,0,0,18570.05287159339
1,0,52,0,0,46,0,0,0,22888.394461181284
2,0,23,1,0,21,0,0,0,7377.236402121807
2,0,21,0,0,20,0,0,0,6466.673995563861
10,0,34,0,0,36,0,0,0,9928.532617034834
10,0,129,0,0,123,0,0,0,12029.076788260729
10,0,13,0,0,17,0,0,0,5507.9767477169435
10,0,30,0,0,30,0,0,0,8555.004185535798
10,0,12,0,0,16,0,0,0,5352.118295437903
1,2,64,0,0,57,1,1,0,103.55921163855535
1,1,10,0,0,9,0,0,0,8698.815379505591
10,3,65,0,1,53,0,0,0,79.27783318243597
1,0,11,0,0,12,0,0,0,12000.0
1,0,4,0,0,5,0,0,0,5000.0
1,0,4,0,0,5,0,0,0,5000.0
1,0,4,0,0,5,0,0,0,5000.0
1,0,4,0,0,5,0,0,0,5000.0
1,0,8,0,0,9,0,0,0,8348.329406526538
2,11,27,0,0,15,0,0,0,7132.725510340362
2,0,2177,0,0,458,0,0,0,70451.51337060764
2,0,15,0,0,15,0,0,0,5674.925575020179
10,0,38,0,0,40,0,0,0,9422.495265196128
10,0,145,0,0,139,0,0,0,4731.670188911779
10,0,33,0,0,33,0,0,0,8373.960022325366
10,0,12,0,0,16,0,0,0,5263.010580804317
0,13,15,0,0,12,0,0,0,5.344668399190337
0,0,26,0,0,10,0,0,0,6.489587006621579
10,0,34,0,0,36,0,0,0,9381.873154942701
10,0,129,0,0,123,0,0,0,5054.064123856713
10,0,13,0,0,17,0,0,0,5868.040026156151
10,0,30,0,0,30,0,0,0,9122.171186208372
10,0,12,0,0,16,0,0,0,5362.676599643772
0,21,36,0,2,18,0,0,0,17.096321390510116
0,3,20,0,0,16,0,0,0,5.75086145769629
0,0,7,0,1,8,0,0,0,8000.0
1,1,32,0,0,29,0,0,0,17331.068040197573
1,0,44,0,0,38,0,0,0,20453.5506682175
0,0,6,0,0,2,1,1,0,4.2466234065971316
1,0,64,0,0,57,0,0,0,189.22201421256446
1,1,10,0,0,9,0,0,0,9023.64934426781
10,3,58,0,1,49,0,0,0,123.74182184919319
0,0,10,1,7,15,0,0,0,4.903987772603945
0,0,8,0,0,1,0,0,0,5782.063893251537
0,0,2,0,0,1,0,0,0,3.8295754153375112
0,0,6,0,0,1,0,0,0,1.1999961688922312
0,0,8,2,0,3,0,0,0,1.9999915596356201
0,0,6,0,0,1,0,0,0,1.1999925662860502
0,0,6,0,0,1,0,0,0,1.1999961187325536
0,2,84,0,0,34,0,0,0,16.70348727059469
0,0,82,0,0,13,0,0,0,16.397945612900187
0,0,2,0,0,1,0,0,0,0.5999494129854364
0,3,202,0,0,9,0,0,0,40.327877559248435
0,0,1,0,0,1,0,0,0,1000.0
0,0,1,0,0,1,0,0,0,1000.0
0,0,1,0,0,1,0,0,0,1000.0
0,0,2,1,0,2,0,0,0,31.033231905352615
0,0,1,1,0,1,0,0,0,174.7015398892532
1,0,4,0,0,5,0,0,0,5000.0
1,0,4,0,0,5,0,0,0,5000.0
1,0,4,0,0,5,0,0,0,5000.0
1,0,4,0,0,5,0,0,0,5000.0
1,0,8,0,0,9,0,0,0,7628.379266065155
0,3,84,0,1,34,0,0,0,150.41066429022064
0,0,14,0,0,14,0,0,0,44.410686260475345
0,0,8,0,0,2,1,1,0,17.024634481523297
0,0,8,0,9,1,0,0,0,35.36828322363635
0,0,17,0,0,13,0,0,0,16.997051538466675
0,0,55,0,0,8,0,0,0,44.32510764372539
1,0,11,0,0,12,0,0,0,12000.0
1,0,4,0,0,5,0,0,0,5000.0
1,0,4,0,0,5,0,0,0,5000.0
1,0,4,0,0,5,0,0,0,5000.0
1,0,4,0,0,5,0,0,0,5000.0
1,0,8,0,0,9,0,0,0,7889.477190644833
2,11,27,0,0,15,0,0,0,7321.139512644365
2,0,2149,0,0,453,0,0,0,70081.88861795192
2,0,15,0,0,15,0,0,0,5061.216907084394
0,11,1,0,0,1,0,0,0,1000.0
10,0,38,0,0,40,0,0,0,7371.083209854893
10,0,145,0,0,139,0,0,0,3293.239173322179
10,0,33,0,0,33,0,0,0,6474.704234004846
10,0,12,0,0,16,0,0,0,3768.111126392895
0,0,1,0,0,1,0,0,0,1000.0
0,0,3,0,0,1,0,0,0,3000.0
0,0,4,0,0,3,0,0,0,3452.433663644924
10,0,21,0,0,23,0,0,0,3616.6601566783847
10,0,2179,0,0,2179,0,0,0,29948.292064226596
10,0,17,0,0,19,0,0,0,6998.9037642955855
10,0,12,0,0,16,0,0,0,3644.7658759788887
0,9,22,0,2,18,4,3,0,7.053942821607627
0,5,3,0,0,3,0,0,0,3000.0
0,0,10,0,1,11,0,0,0,11000.0
1,1,21,0,0,18,0,0,0,12176.977984023804
10,1,28,0,0,29,0,0,0,5919.790576503479
0,0,1,0,0,1,0,0,0,2000.0
0,0,26,0,0,10,0,0,0,6.492501285995325
1,0,4,0,0,5,0,0,0,5000.0
1,0,4,0,0,5,0,0,0,5000.0
1,0,4,0,0,5,0,0,0,5000.0
1,0,4,0,0,5,0,0,0,5000.0
1,0,8,0,0,9,0,0,0,6809.824306532892
0,2,84,0,0,34,0,0,0,16.79327037566524
0,0,8,2,0,3,0,0,0,1.9994377085303061
0,0,6,0,0,1,0,0,0,1.1997532088453353
0,0,6,0,0,1,0,0,0,1.1998532776217405
0,0,6,0,0,1,0,0,0,1.1999592873013167
0,0,19,3,1,9,0,0,0,4.391712950167263
0,0,82,1,0,14,0,0,0,16.5973020521206
0,3,202,0,0,9,0,0,0,40.327001425072986
1,0,11,0,0,12,0,0,0,12000.0
1,0,4,0,0,5,0,0,0,5000.0
1,0,4,0,0,5,0,0,0,5000.0
1,0,4,0,0,5,0,0,0,5000.0
1,0,4,0,0,5,0,0,0,5000.0
1,0,8,0,0,9,0,0,0,8256.600464020945
2,6,27,0,0,15,0,0,0,5215.350827658192
2,0,2160,0,0,454,0,0,0,72081.29917039826
2,0,15,0,0,15,0,0,0,5059.305476400572
0,0,10,5,0,6,0,0,0,835.7917218173121
0,0,1,0,0,1,0,0,0,1000.0
0,3,32,0,0,9,0,0,0,49.67552235981184
0,0,4,0,5,1,0,0,0,57.56141598422705
0,0,10,0,0,2,0,0,0,4206.923418007483
0,0,1,0,0,1,1,1,0,2000.0
0,0,13,0,0,10,0,0,0,13000.0
0,0,1,0,0,1,0,0,0,2000.0
10,0,38,0,0,40,0,0,0,9841.036507170118
10,0,145,0,0,139,0,0,0,4872.70865983756
10,0,33,0,0,33,0,0,0,9036.603498006169
10,0,12,0,0,16,0,0,0,5362.250487781991
0,4,10,0,1,9,0,0,0,63.246580968891045
0,0,2,0,0,2,0,0,0,1782.9952180068256
0,0,4,0,1,4,0,0,0,419.9215838434331
1,0,4,0,0,5,0,0,0,5000.0
1,0,4,0,0,5,0,0,0,5000.0
1,0,4,0,0,5,0,0,0,5000.0
1,0,4,0,0,5,0,0,0,5000.0
1,0,8,0,0,9,0,0,0,7290.920697465675
0,3,83,0,0,34,0,0,0,18.794990297146267
0,0,80,0,0,13,0,0,0,17.00258401637579
0,0,9,2,0,7,1,1,0,3.035074509260687
2,0,957,0,0,215,0,0,0,66265.93396858801
2,0,15,0,0,15,0,0,0,5687.039537971527
0,9,2,0,0,2,0,0,0,0.4030074240411597
0,0,6,0,0,1,0,0,0,1.20000522266273
0,0,6,0,0,1,0,0,0,1.1999978493638543
0,0,6,0,0,1,0,0,0,1.1999979326435615
0,2,194,0,0,9,0,0,0,38.71497212632265
0,0,16,0,15,1,0,0,0,6.1413680570044695
0,0,8,3,0,4,0,0,0,2.1999804505337206
0,1,2,0,0,2,0,0,0,583.5785092545339
0,0,1,0,0,1,0,0,0,1000.0
0,0,4,0,0,2,1,1,0,120.08615845627993
0,0,616,0,0,30,0,0,0,8802.632867490667
0,0,31,0,0,13,0,0,0,23.645946382886752
0,0,6,0,7,1,0,0,0,9.948917832406496
0,0,63,0,0,8,0,0,0,43.57019409939152
0,0,2,0,0,2,0,0,0,2000.0
0,0,1,0,0,1,0,0,0,2000.0
10,0,38,0,0,40,0,0,0,11055.078242316262
10,0,145,0,0,139,0,0,0,5079.327628101462
10,0,33,0,0,33,0,0,0,9447.08413551161
10,0,12,0,0,16,0,0,0,5423.477444989915
0,5,11,0,1,10,1,1,0,3.6987477768480876
0,11,1,0,0,1,0,0,0,1000.0
0,0,26,0,0,10,0,0,0,6.491795028378377
0,0,10,1,0,5,0,0,0,2.739651953076695
0,0,0,0,0,0,1,1,0,1000.0
0,0,1,0,0,1,1,1,0,3.2050161220163225
0,0,6,0,0,1,0,0,0,1.2000000444000016
0,0,9,0,0,3,0,0,0,2.2850676681468283
0,3,87,0,0,34,0,0,0,16.1049803805112
0,0,6,0,0,1,0,0,0,1.1999925077267788
0,0,8,2,0,3,0,0,0,1.999986781287368
0,0,6,0,0,1,0,0,0,1.199989641689413
0,0,81,0,0,13,0,0,0,16.199883879232356
0,0,201,0,0,8,0,0,0,40.11875882334008
0,0,1,0,0,1,0,0,0,1000.0
1,0,4,0,0,5,0,0,0,5000.0
1,0,4,0,0,5,0,0,0,5000.0
1,0,4,0,0,5,0,0,0,5000.0
1,0,4,0,0,5,0,0,0,5000.0
1,0,8,0,0,9,0,0,0,7120.422161918401
0,0,15,0,0,13,0,0,0,48.41815186442422
0,0,48,0,0,8,0,0,0,44.088405059465956
0,0,6,0,7,1,0,0,0,12.02463858806383
1,0,11,0,0,12,0,0,0,12000.0
1,0,4,0,0,5,0,0,0,5000.0
1,0,4,0,0,5,0,0,0,5000.0
1,0,4,0,0,5,0,0,0,5000.0
1,0,4,0,0,5,0,0,0,5000.0
1,0,8,0,0,9,0,0,0,8434.69809872533
2,11,27,0,0,15,0,0,0,7470.312591366431
2,0,2167,0,0,456,0,0,0,58613.08945676178
2,0,15,0,0,15,0,0,0,5925.070856876777
0,0,3,0,0,1,20,9,0,110.20236114595929
0,0,13,0,0,10,0,0,0,9846.33655687244
0,0,8,1,0,4,0,0,0,8.908335878494386
0,10,1,0,0,1,0,0,0,1000.0
0,0,18,0,0,2,3,1,0,21.682795927232473
10,0,38,0,0,40,0,0,0,11309.706414158622
10,0,145,0,0,139,0,0,0,5082.946638603117
10,0,33,0,0,33,0,0,0,10510.345724379136
10,0,12,0,0,16,0,0,0,5539.099115884247
0,4,10,0,1,9,0,0,0,65.13610787809026
0,0,1,0,0,1,0,0,0,1000.0
0,0,4,0,0,3,0,0,0,3528.60018666295
0,3,90,0,1,36,27,8,0,27.0510857459555
1,0,4,0,0,5,0,0,0,5000.0
1,0,4,0,0,5,0,0,0,5000.0
1,0,4,0,0,5,0,0,0,5000.0
1,0,4,0,0,5,0,0,0,5000.0
1,0,8,0,0,9,0,0,0,7430.260810410291
0,0,2,0,0,1,0,0,0,0.6000014446834785
0,0,2,0,0,2,0,0,0,0.6084192307842365
0,0,9,2,0,3,0,0,0,1.8333256712542445
0,0,7,0,0,1,0,0,0,1.16667105607207
0,0,7,0,0,1,0,0,0,1.1666711297670735
0,0,82,1,0,14,0,0,0,16.59993328486813
0,3,202,0,0,9,0,0,0,40.360253061344174
0,0,6,0,0,1,0,0,0,1.199991905814597
0,0,1,1,0,1,0,0,0,2000.0
1,0,11,0,0,12,0,0,0,12000.0
1,0,4,0,0,5,0,0,0,5000.0
1,0,4,0,0,5,0,0,0,5000.0
1,0,4,0,0,5,0,0,0,5000.0
1,0,4,0,0,5,0,0,0,5000.0
1,0,8,0,0,9,0,0,0,8222.542190777596
2,6,27,0,0,15,0,0,0,7392.100189976974
2,0,2127,0,0,449,0,0,0,65448.925214289135
2,0,15,0,0,15,0,0,0,5959.231147008273
0,1,82,0,0,33,0,0,0,256.3529216925452
0,3,48,0,0,9,0,0,0,45.2613116709452
0,0,7,0,8,1,0,0,0,43.01794590547218
0,0,17,0,0,13,0,0,0,16.99740942482956
0,0,0,0,0,0,1,1,0,1000.0
0,8,1,0,0,1,0,0,0,1000.0
0,0,6,1,0,4,3,1,0,3.243046442563522
10,0,38,0,0,40,0,0,0,11321.804120051693
10,0,145,0,0,139,0,0,0,5045.819294561909
10,0,33,0,0,33,0,0,0,10141.873010541887
10,0,12,0,0,16,0,0,0,5443.629851975333
0,4,10,0,1,9,0,0,0,64.3386528395025
1,0,4,0,0,5,0,0,0,5000.0
1,0,4,0,0,5,0,0,0,5000.0
1,0,4,0,0,5,0,0,0,5000.0
1,0,4,0,0,5,0,0,0,5000.0
1,0,8,0,0,9,0,0,0,7402.764685851343
0,0,26,0,0,10,0,0,0,6.4906580656207264
0,0,46,0,0,10,0,0,0,10.709130710421766
0,0,1,0,0,1,0,0,0,1000.0
2,0,784,0,0,180,0,0,0,69943.41791058722
2,0,15,0,0,15,0,0,0,5591.5718566320975
0,2,84,0,0,34,0,0,0,16.79331463518234
0,0,7,1,0,2,0,0,0,1.5999678627255158
0,0,6,0,0,1,0,0,0,1.1999820806675894
0,0,6,0,0,1,0,0,0,1.1999820144295712
0,0,6,0,0,1,0,0,0,1.1999853476989104
0,2,191,0,0,9,0,0,0,38.12045322684975
0,0,79,0,0,13,0,0,0,15.796262831680208
0,0,1,1,0,2,0,0,0,20.383028079822548
0,0,16,1,0,14,0,0,0,23.751010633444817
0,0,7,0,8,1,0,0,0,26.49687679988316
0,0,53,0,0,8,0,0,0,43.503763246663
0,0,1,0,0,1,0,0,0,1000.0
0,0,10,0,0,6,0,0,0,10000.0
10,0,38,0,0,40,0,0,0,11196.48952731687
10,0,145,0,0,139,0,0,0,5004.550912587931
10,0,33,0,0,33,0,0,0,10385.64308022716
10,0,12,0,0,16,0,0,0,5562.674655341735
0,4,10,0,1,9,0,0,0,64.81238205914076
1,0,4,0,0,5,0,0,0,5000.0
1,0,4,0,0,5,0,0,0,5000.0
1,0,4,0,0,5,0,0,0,5000.0
1,0,4,0,0,5,0,0,0,5000.0
1,0,8,0,0,9,0,0,0,7458.1844458734695
0,0,1,0,0,1,0,0,0,2000.0
1,0,11,0,0,12,0,0,0,12000.0
1,0,4,0,0,5,0,0,0,5000.0
1,0,4,0,0,5,0,0,0,5000.0
1,0,4,0,0,5,0,0,0,5000.0
1,0,4,0,0,5,0,0,0,5000.0
1,0,8,0,0,9,0,0,0,8392.813513548797
2,11,27,0,0,15,0,0,0,7282.8694103663365
2,0,2167,0,0,456,0,0,0,72049.60839758947
2,0,15,0,0,15,0,0,0,5812.323493411561
0,0,10,0,0,2,0,0,0,2.448769994916234
0,0,1,0,0,1,4,1,0,1.198450957650737
0,2,86,0,0,34,0,0,0,17.63977624190794
0,0,26,0,0,10,0,0,0,6.491660763895245
0,9,2,0,0,2,0,0,0,0.3948306164287452
0,0,6,0,0,1,0,0,0,1.1999632535252873
0,0,6,0,0,1,0,0,0,1.1999690165599988
0,0,6,0,0,1,0,0,0,1.1999709167848782
0,0,8,2,0,4,0,0,0,1.9996458275301778
0,0,81,0,0,13,0,0,0,16.197310216355156
0,3,202,0,0,9,0,0,0,40.335825354972144
0,1,2,0,0,2,0,0,0,844.8975160435477
0,0,1,0,0,1,0,0,0,1000.0
0,0,29,0,0,13,0,0,0,28.527556534089218
0,0,7,0,8,1,0,0,0,15.362983028202317
0,0,55,0,0,8,0,0,0,40.35477819606623
10,0,38,0,0,40,0,0,0,10926.498808328723
10,0,145,0,0,139,0,0,0,5046.683449873735
1,0,4,0,0,5,0,0,0,5000.0
10,0,33,0,0,33,0,0,0,8700.46954208417
1,0,4,0,0,5,0,0,0,5000.0
1,0,4,0,0,5,0,0,0,5000.0
1,0,4,0,0,5,0,0,0,5000.0
10,0,12,0,0,16,0,0,0,5102.701138041518
1,0,8,0,0,9,0,0,0,7431.678105946004
0,4,10,0,1,9,0,0,0,64.24653549681244
0,0,1,0,0,1,0,0,0,2000.0
1,0,11,0,0,12,0,0,0,12000.0
1,0,4,0,0,5,0,0,0,5000.0
1,0,4,0,0,5,0,0,0,5000.0
1,0,4,0,0,5,0,0,0,5000.0
1,0,4,0,0,5,0,0,0,5000.0
1,0,8,0,0,9,0,0,0,8416.73696200685
2,11,27,0,0,15,0,0,0,7235.992926692155
2,0,2162,0,0,455,0,0,0,71518.79379390048
2,0,15,0,0,15,0,0,0,5975.340822895819
0,0,13,0,0,10,0,0,0,13000.0
0,10,1,0,0,1,0,0,0,1000.0
0,0,12,0,0,1,0,0,0,2.523269650011656
0,0,4,1,0,2,7,1,0,4.427702819595802
0,0,1,0,0,1,0,0,0,1000.0
0,0,616,0,0,30,0,0,0,9069.872501445216
0,0,2,0,0,2,0,0,0,2000.0
0,0,6,0,0,1,0,0,0,1.19997404216152
0,0,8,2,0,3,0,0,0,1.9999858980994325
0,0,6,0,0,1,0,0,0,1.1999866700680741
0,0,6,0,0,1,0,0,0,1.1999885161099009
0,2,84,0,0,34,0,0,0,16.65741919133616
0,0,80,1,0,14,0,0,0,15.372393604686172
0,3,202,0,0,9,0,0,0,40.30790037363574
1,0,4,0,0,5,0,0,0,5000.0
1,0,4,0,0,5,0,0,0,5000.0
1,0,4,0,0,5,0,0,0,5000.0
1,0,4,0,0,5,0,0,0,5000.0
1,0,8,0,0,9,0,0,0,6440.168331688705
10,0,38,0,0,40,0,0,0,10700.406236464265
10,0,145,0,0,139,0,0,0,4624.8829084080435
10,0,33,0,0,33,0,0,0,10359.184235923434
10,0,12,0,0,16,0,0,0,5627.611723440743
0,0,1,0,0,1,0,0,0,1000.0
0,0,9,0,0,9,0,0,0,4139.202292934106
0,1,1,0,0,1,0,0,0,1000.0
1,0,11,0,0,12,0,0,0,12000.0
1,0,4,0,0,5,0,0,0,5000.0
1,0,4,0,0,5,0,0,0,5000.0
1,0,4,0,0,5,0,0,0,5000.0
1,0,4,0,0,5,0,0,0,5000.0
1,0,8,0,0,9,0,0,0,8201.01601476183
2,11,27,0,0,15,0,0,0,7301.868825199806
2,0,2093,0,0,441,0,0,0,70556.20279785823
2,0,15,0,0,15,0,0,0,5938.153087682419
0,0,13,0,0,10,0,0,0,13000.0
0,0,2,0,3,1,0,0,0,65.17871057347945
0,3,64,0,0,9,0,0,0,41.14876980371184
0,0,33,1,0,16,0,0,0,33.43368256486456
0,2,83,0,0,34,0,0,0,81.49917092562677
0,8,1,0,0,1,0,0,0,1000.0
0,4,13,0,1,10,4,1,0,5.897745613934235
0,0,7,1,0,3,3,1,0,3.6245096087924433
0,0,7,2,0,3,0,0,0,2.2500662734520183
0,0,5,0,0,1,0,0,0,1.2500282678267416
0,0,5,0,0,1,0,0,0,1.2500215628719595
0,0,5,0,0,1,0,0,0,1.2500165099055587
0,0,15,0,0,2,0,0,0,3.4592380570545203
2,0,996,0,0,222,0,0,0,64808.81399870382
2,0,15,0,0,15,0,0,0,5257.47721502154
0,2,153,0,0,9,0,0,0,30.53649052458647
0,0,8,0,6,1,0,0,0,2.7982719405947907
0,0,64,0,0,13,0,0,0,12.798197537693744
0,0,3,0,0,1,0,0,0,235.8846618357488
0,0,1,0,0,1,0,0,0,1000.0
0,0,1,0,0,1,0,0,0,1000.0
0,0,1,0,0,1,0,0,0,1000.0
0,0,1,0,0,1,0,0,0,1000.0
0,2,83,0,0,34,0,0,0,160.9428436659854
0,0,6,1,2,4,0,0,0,18.253951233044063
0,0,57,0,0,8,0,0,0,40.648491978066104
0,0,8,0,9,1,0,0,0,44.52369126040483
0,0,1,0,0,1,0,0,0,1000.0
0,0,13,0,0,10,0,0,0,13000.0
0,0,1,0,0,1,0,0,0,1000.0
0,0,10,0,0,6,0,0,0,10000.0
1,0,4,0,0,5,0,0,0,5000.0
1,0,4,0,0,5,0,0,0,5000.0
1,0,4,0,0,5,0,0,0,5000.0
1,0,4,0,0,5,0,0,0,5000.0
1,0,8,0,0,9,0,0,0,6196.076919475784
10,0,38,0,0,40,0,0,0,9482.644685896284
10,0,145,0,0,139,0,0,0,4971.455187270868
10,0,33,0,0,33,0,0,0,9791.4824122205
10,0,12,0,0,16,0,0,0,5321.727452082682
0,4,10,0,1,9,0,0,0,64.61105422890951
0,0,1,0,0,1,0,0,0,1000.0
1,0,11,0,0,12,0,0,0,12000.0
1,0,4,0,0,5,0,0,0,5000.0
1,0,4,0,0,5,0,0,0,5000.0
1,0,4,0,0,5,0,0,0,5000.0
1,0,4,0,0,5,0,0,0,5000.0
1,0,8,0,0,9,0,0,0,8367.663999241333
2,11,27,0,0,15,0,0,0,7086.900304663401
2,0,2167,0,0,456,0,0,0,73778.57427344176
2,0,15,0,0,15,0,0,0,5999.971058963128
1,0,4,0,0,5,0,0,0,5000.0
1,0,4,0,0,5,0,0,0,5000.0
1,0,4,0,0,5,0,0,0,5000.0
1,0,8,0,0,9,0,0,0,7320.3226798237265
0,0,81,1,0,14,0,0,0,19.06654138305845
2,0,973,0,0,218,0,0,0,48244.518062005336
2,0,15,0,0,15,0,0,0,5669.081695468936
0,0,10,0,0,2,0,0,0,1.9430644687242138
0,0,3,0,0,3,1,1,0,0.7802519708652743
0,9,2,0,0,2,0,0,0,0.3934427527740283
0,0,11,0,10,1,0,0,0,4.17742968744153
0,0,7,2,0,3,0,0,0,1.7999890704663641
0,0,5,0,0,1,0,0,0,0.9999861633914544
0,0,5,0,0,1,0,0,0,0.9999962028144187
0,0,5,0,0,1,0,0,0,0.9999986182019094
0,5,162,0,0,9,0,0,0,32.36406756743478
0,0,6,0,1,3,0,0,0,21.743823319085042
0,0,2,1,0,2,0,0,0,3.3266866171685487
0,0,1,0,0,1,0,0,0,1000.0
0,0,1,0,0,1,0,0,0,1000.0
0,0,1,0,0,1,0,0,0,1000.0
0,0,30,0,0,13,0,0,0,23.095145750947463
0,0,7,0,7,1,0,0,0,10.567506348065237
0,0,85,0,0,8,0,0,0,41.815729452214704
0,0,1,0,0,1,0,0,0,2000.0
1,0,4,0,0,5,0,0,0,5000.0
1,0,4,0,0,5,0,0,0,5000.0
1,0,4,0,0,5,0,0,0,5000.0
1,0,8,0,0,9,0,0,0,7622.041589246484
10,0,38,0,0,40,0,0,0,10590.588585198859
10,0,145,0,0,139,0,0,0,4431.56640776598
10,0,33,0,0,33,0,0,0,9952.484985056228
10,0,12,0,0,16,0,0,0,5322.136847620932
0,0,26,0,0,10,0,0,0,6.489793283073188
1,0,11,0,0,12,0,0,0,12000.0
1,0,4,0,0,5,0,0,0,5000.0
1,0,4,0,0,5,0,0,0,5000.0
1,0,4,0,0,5,0,0,0,5000.0
1,0,8,0,0,9,0,0,0,8110.2562300284935
2,9,27,0,0,15,0,0,0,5696.381678000829
2,0,2164,0,0,455,0,0,0,64184.072571265504
2,0,15,0,0,15,0,0,0,5108.1300998669485
0,10,1,0,0,1,0,0,0,1000.0
0,5,11,0,1,10,2,1,0,11.508584661442706
0,0,1,0,0,1,0,0,0,1000.0
0,0,1,0,0,1,0,0,0,1000.0
0,0,3,0,0,2,0,0,0,3000.0
0,2,86,0,0,34,0,0,0,17.214841734485766
0,0,54,2,0,14,5,4,0,12.734530039152022
0,0,68,1,1,17,0,0,0,16.478871252688197
0,0,14,0,0,8,0,0,0,14000.0
0,0,30,9,7,30,6,1,0,9.434639856836016
0,0,83,1,0,14,0,0,0,16.79756199177398
0,0,6,0,0,1,0,0,0,1.1999757621695701
0,0,8,2,0,3,0,0,0,1.9999584740622196
0,0,6,0,0,1,0,0,0,1.1999885093900295
0,0,6,0,0,1,0,0,0,1.199979170761554
0,3,201,0,0,9,0,0,0,40.16905102356217
0,0,1,0,0,1,0,0,0,1000.0
0,0,2,1,0,2,0,0,0,30.257706093103206
0,0,8,2,0,3,1,1,0,9.343492297324756
1,0,4,0,0,5,0,0,0,5000.0
1,0,4,0,0,5,0,0,0,5000.0
1,0,4,0,0,5,0,0,0,5000.0
1,0,8,0,0,9,0,0,0,6364.877193230599
0,1,82,0,0,33,0,0,0,318.48838514418225
0,0,33,0,0,13,0,0,0,16.496669800770647
0,0,8,0,9,1,0,0,0,12.64370259686241
0,0,85,0,0,8,0,0,0,39.307392697603085
1,0,11,0,0,12,0,0,0,12000.0
1,0,4,0,0,5,0,0,0,5000.0
1,0,4,0,0,5,0,0,0,5000.0
1,0,4,0,0,5,0,0,0,5000.0
1,0,8,0,0,9,0,0,0,6409.370784948518
2,9,27,0,0,15,0,0,0,7310.6251870196575
2,0,2076,0,0,439,0,0,0,68247.38962766451
2,0,15,0,0,15,0,0,0,5410.588904409852
0,7,1,0,0,1,0,0,0,1000.0
1,0,4,0,0,5,0,0,0,5000.0
1,0,4,0,0,5,0,0,0,5000.0
1,0,4,0,0,5,0,0,0,4974.985771540693
1,0,4,0,0,5,0,0,0,5000.0
1,0,8,0,0,9,0,0,0,5669.505619110013
0,0,10,0,0,2,0,0,0,3246.758517465126
10,0,38,0,0,40,0,0,0,8516.359660772103
10,0,145,0,0,139,0,0,0,4544.450768235004
10,0,33,0,0,33,0,0,0,8985.197201048384
10,0,12,0,0,16,0,0,0,3880.4332680127063
0,5,10,0,1,9,0,0,0,58.12649421088916
1,0,11,0,0,12,0,0,0,12000.0
1,0,4,0,0,5,0,0,0,5000.0
1,0,4,0,0,5,0,0,0,5000.0
1,0,4,0,0,5,0,0,0,5000.0
1,0,4,0,0,5,0,0,0,5000.0
1,0,8,0,0,9,0,0,0,8072.031219029185
2,11,27,0,0,15,0,0,0,6535.065471215402
2,0,2075,0,0,438,0,0,0,64261.86216891798
2,0,15,0,0,15,0,0,0,4615.8148678112075
0,0,26,0,0,10,0,0,0,6.491545215142556
0,0,9,0,0,1,0,0,0,2.009237999462376
0,0,2,0,0,1,0,0,0,0.8000267052114307
0,0,1,0,0,1,0,0,0,1000.0
0,1,2,0,0,2,0,0,0,1772.8657577183926
1,0,4,0,0,5,0,0,0,5000.0
1,0,4,0,0,5,0,0,0,4886.740026407943
1,0,4,0,0,5,0,0,0,5000.0
1,0,8,0,0,9,0,0,0,7496.888791151672
0,0,7,0,0,1,0,0,0,1.1663865822566692
0,0,7,0,0,1,0,0,0,1.1665456466937631
0,0,14,2,1,7,6,1,0,3.8656722491481093
0,2,84,0,0,34,0,0,0,16.79530813661831
0,0,8,2,0,3,0,0,0,1.9999910396401444
0,0,6,0,0,1,0,0,0,1.1999958124946126
0,0,81,0,0,13,0,0,0,16.196603853992723
0,6,203,0,0,9,0,0,0,40.578733440568236
1,0,11,0,0,12,0,0,0,12000.0
1,0,4,0,0,5,0,0,0,5000.0
1,0,4,0,0,5,0,0,0,5000.0
1,0,4,0,0,5,0,0,0,5000.0
1,0,8,0,0,9,0,0,0,7616.339587194395
2,5,27,0,0,15,0,0,0,6678.223831955624
2,0,2041,0,0,431,0,0,0,40519.42370867839
2,0,15,0,0,15,0,0,0,5436.070373448442
0,0,2,0,0,1,0,0,0,2000.0
0,0,0,0,0,0,1,1,0,1000.0
0,0,1,0,0,1,0,0,0,1000.0
0,0,1,0,0,1,0,0,0,1000.0
0,0,1,0,0,1,0,0,0,1000.0
0,0,2,1,0,2,0,0,0,30.346265762014813
0,0,1,0,0,1,0,0,0,1000.0
1,0,4,0,0,5,0,0,0,5000.0
1,0,4,0,0,5,0,0,0,5000.0
1,0,4,0,0,5,0,0,0,5000.0
1,0,4,0,0,5,0,0,0,5000.0
1,0,8,0,0,9,0,0,0,6921.224164608243
0,1,5,0,0,3,0,0,0,7.390639961426772
0,0,616,0,0,30,0,0,0,8750.8473654331
0,0,45,0,1,14,0,0,0,22.788625460464676
0,4,92,0,0,9,0,0,0,40.66031104107296
0,0,10,0,11,1,0,0,0,10.947250596370633
1,0,11,0,0,12,0,0,0,10200.612036722203
1,0,4,0,0,5,0,0,0,4500.952401528163
1,0,4,0,0,5,0,0,0,3764.498967774383
1,0,4,0,0,5,0,0,0,4234.05876873571
1,0,4,0,0,5,0,0,0,1563.4336630406472
1,0,8,0,0,9,0,0,0,4675.856629923092
2,11,27,0,0,15,0,0,0,4229.6470840813
0,0,16,0,0,9,0,0,0,13084.937601203816
2,0,2172,0,0,457,0,0,0,45563.699036300524
2,0,15,0,0,15,0,0,0,4316.629332054934
0,0,3,0,0,2,0,0,0,3000.0
0,0,9,0,1,9,0,0,0,8.01806682774701
0,0,1,0,0,1,0,0,0,1000.0
10,0,38,0,0,40,0,0,0,7254.0524839764785
10,0,145,0,0,139,0,0,0,4678.324306330519
10,0,33,0,0,33,0,0,0,8218.354414049487
10,0,12,0,0,16,0,0,0,5670.34715153977
0,5,10,0,1,9,0,0,0,62.83326765162422
1,0,4,0,0,5,0,0,0,5000.0
1,0,4,0,0,5,0,0,0,5000.0
1,0,4,0,0,5,0,0,0,5000.0
1,0,8,0,0,9,0,0,0,7260.0903155235255
2,0,723,0,0,168,0,0,0,57822.591039077546
2,0,15,0,0,15,0,0,0,4925.874284734078
0,0,26,0,0,10,0,0,0,6.490224127491419
0,0,0,0,0,0,1,1,0,1000.0
0,0,1,0,0,1,1,1,0,2.1237969368640313
0,0,13,0,0,3,0,0,0,2.004308094044755
0,0,14,1,0,8,5,1,0,3.277021088693935
0,11,2,0,0,2,0,0,0,0.39203815535967035
0,3,90,0,0,34,0,0,0,17.754984379501103
0,0,8,2,0,3,0,0,0,1.9999808937825256
0,0,6,0,0,1,0,0,0,1.1999900746420946
0,0,6,0,0,1,0,0,0,1.1999943744263728
0,0,6,0,0,1,0,0,0,1.199998565041716
0,0,67,0,0,13,0,0,0,13.39994342543886
0,5,192,0,0,9,0,0,0,38.30600740810372
0,0,1,0,0,1,0,0,0,1000.0
0,0,1,0,0,1,0,0,0,1000.0
0,0,1,0,0,1,0,0,0,1000.0
0,0,1,0,0,1,0,0,0,1000.0
0,0,1,0,0,1,0,0,0,1000.0
0,1,2,0,0,2,0,0,0,678.2617778462069
0,0,3,0,0,2,2,1,0,5000.0
1,0,4,0,0,5,0,0,0,5000.0
1,0,4,0,0,5,0,0,0,5000.0
1,0,4,0,0,5,0,0,0,5000.0
1,0,8,0,0,9,0,0,0,6951.272353167888
0,0,31,0,0,13,0,0,0,23.94502325238642
0,0,8,0,9,1,0,0,0,16.81942989723158
0,0,86,0,0,8,0,0,0,42.04297788073566
1,0,11,0,0,12,0,0,0,12000.0
1,0,4,0,0,5,0,0,0,5000.0
1,0,4,0,0,5,0,0,0,5000.0
1,0,4,0,0,5,0,0,0,5000.0
1,0,8,0,0,9,0,0,0,6686.438713588626
2,9,27,0,0,15,0,0,0,6610.311858557562
2,0,1979,0,0,418,0,0,0,63894.89061491462
2,0,15,0,0,15,0,0,0,4753.629186164701
0,10,1,0,0,1,0,0,0,1000.0
10,0,38,0,0,40,0,0,0,11030.02510709465
10,0,145,0,0,139,0,0,0,4551.95890761679
10,0,33,0,0,33,0,0,0,9211.959694462861
10,0,12,0,0,16,0,0,0,4976.29474141363
0,5,10,0,1,9,0,0,0,62.18228561787894
0,0,1,0,0,1,0,0,0,1000.0
1,0,4,0,0,5,0,0,0,5000.0
1,0,4,0,0,5,0,0,0,5000.0
1,0,4,0,0,5,0,0,0,5000.0
1,0,4,0,0,5,0,0,0,5000.0
1,0,8,0,0,9,0,0,0,7238.799967827556
0,0,3,0,0,2,0,0,0,1.5560150858836848
1,0,11,0,0,12,0,0,0,12000.0
1,0,4,0,0,5,0,0,0,5000.0
1,0,4,0,0,5,0,0,0,5000.0
1,0,4,0,0,5,0,0,0,5000.0
1,0,4,0,0,5,0,0,0,5000.0
1,0,8,0,0,9,0,0,0,7936.241995418143
2,11,27,0,0,15,0,0,0,6550.49255186409
0,0,2,0,0,2,0,0,0,2000.0
2,0,1425,0,0,307,0,0,0,45012.81082891517
2,0,15,0,0,15,0,0,0,5467.990863952206
0,0,8,1,0,4,7,1,0,3.958530398924461
0,0,11,0,0,2,0,0,0,2.6263046879430285
0,0,2,0,0,2,9,8,0,2.640602005078862
0,0,26,0,0,10,0,0,0,6.490568959904922
1,0,4,0,0,5,0,0,0,5000.0
1,0,4,0,0,5,0,0,0,5000.0
1,0,4,0,0,5,0,0,0,5000.0
1,0,8,0,0,9,0,0,0,7501.83169723941
0,0,1,0,0,1,0,0,0,0.5999968495365425
0,0,9,3,0,4,0,0,0,2.353797015219207
0,0,6,0,0,1,0,0,0,1.1999868095049926
0,0,6,0,0,1,0,0,0,1.1999907070319666
0,0,6,0,0,1,0,0,0,1.1999888249840684
0,2,84,0,0,34,0,0,0,16.494028244884102
0,0,82,1,0,14,0,0,0,16.599949021556554
0,6,200,0,0,9,0,0,0,39.94922945111271
0,0,1,0,0,1,0,0,0,1000.0
0,0,1,0,0,1,0,0,0,1000.0
0,0,1,0,0,1,0,0,0,1000.0
0,0,1,0,0,1,0,0,0,1000.0
0,0,3,0,0,2,0,0,0,3000.0
0,0,39,0,0,5,0,0,0,188.1928918463847
0,0,8,1,0,5,5,4,0,22.211498123108576
2,0,1947,0,0,413,0,0,0,42358.17823408603
2,0,15,0,0,15,0,0,0,5657.863031789203
0,1,82,0,0,33,0,0,0,68.06228820240202
0,0,17,0,0,13,0,0,0,13.140742111924217
1,0,4,0,0,5,0,0,0,5000.0
1,0,4,0,0,5,0,0,0,5000.0
1,0,4,0,0,5,0,0,0,5000.0
1,0,4,0,0,5,0,0,0,5000.0
1,0,8,0,0,9,0,0,0,7760.2931666307395
10,0,38,0,0,40,0,0,0,10047.253489065763
10,0,145,0,0,139,0,0,0,4763.172892666294
10,0,33,0,0,33,0,0,0,10160.051528000866
10,0,12,0,0,16,0,0,0,5200.680059836188
0,0,8,0,9,1,0,0,0,19.720862147185336
0,4,9,0,1,8,0,0,0,56.36149550809589
0,2,74,0,0,9,0,0,0,40.26904208478299
0,0,6,1,0,4,3,1,0,4.121070850303944
1,0,11,0,0,12,0,0,0,12000.0
1,0,4,0,0,5,0,0,0,5000.0
1,0,4,0,0,5,0,0,0,5000.0
1,0,4,0,0,5,0,0,0,5000.0
1,0,4,0,0,5,0,0,0,5000.0
1,0,8,0,0,9,0,0,0,8288.918544797461
2,11,27,0,0,15,0,0,0,7095.318508847862
2,0,2182,0,0,459,0,0,0,56751.748208500096
2,0,15,0,0,15,0,0,0,5668.089357095298
0,0,13,0,0,10,0,0,0,13000.0
0,0,1,0,0,1,0,0,0,1000.0
1,0,4,0,0,5,0,0,0,5000.0
1,0,4,0,0,5,0,0,0,5000.0
1,0,4,0,0,5,0,0,0,5000.0
1,0,8,0,0,9,0,0,0,6621.800290917759
2,0,555,0,0,134,0,0,0,57341.75759590409
2,0,15,0,0,15,0,0,0,5496.667564455703
0,9,2,0,0,2,0,0,0,0.40894707530371643
0,0,1,0,0,1,0,0,0,1000.0
1,0,4,0,0,5,0,0,0,5000.0
1,0,4,0,0,5,0,0,0,5000.0
1,0,4,0,0,5,0,0,0,5000.0
1,0,4,0,0,5,0,0,0,5000.0
1,0,8,0,0,9,0,0,0,7732.370624552167
10,0,38,0,0,40,0,0,0,10483.537897006665
10,0,145,0,0,139,0,0,0,4972.8008646385315
10,0,33,0,0,33,0,0,0,9065.92126521467
10,0,12,0,0,16,0,0,0,5211.5226766380465
0,0,10,0,0,3,0,0,0,1.8447574316434536
0,0,8,3,0,4,0,0,0,2.1572219910830768
0,0,5,0,0,1,0,0,0,0.999975169016593
0,0,5,0,0,1,0,0,0,0.9999714206168044
0,0,5,0,0,1,0,0,0,0.999970453473023
0,2,4,0,0,3,0,0,0,0.7970885627647841
0,0,65,0,0,13,0,0,0,12.999919634496818
0,4,11,0,1,9,0,0,0,2.3725161813245044
0,5,172,0,0,9,0,0,0,34.372444477448035
0,0,1,0,0,1,0,0,0,1000.0
0,0,1,0,0,1,0,0,0,1000.0
0,0,1,0,0,1,0,0,0,1000.0
0,0,1,0,0,1,0,0,0,1000.0
0,0,616,0,0,444,0,0,0,9317.386203328782
1,0,11,0,0,12,0,0,0,12000.0
1,0,4,0,0,5,0,0,0,5000.0
1,0,4,0,0,5,0,0,0,5000.0
1,0,4,0,0,5,0,0,0,5000.0
1,0,4,0,0,5,0,0,0,5000.0
1,0,8,0,0,9,0,0,0,8038.728809017667
2,6,27,0,0,15,0,0,0,7296.012301579913
0,0,4,0,0,3,0,0,0,4000.0
2,0,1921,0,0,407,0,0,0,72604.05486284064
2,0,15,0,0,15,0,0,0,5924.228421520701
0,0,1,0,0,1,0,0,0,1000.0
0,1,1,0,0,1,0,0,0,1000.0
0,0,30,0,0,13,0,0,0,23.213225081305655
0,0,8,0,8,1,0,0,0,19.92264135484789
0,0,5,0,0,5,0,0,0,4.430980855941895
0,3,78,0,0,9,0,0,0,40.18246351827054
0,0,1,0,0,1,0,0,0,1000.0
1,0,4,0,0,5,0,0,0,5000.0
1,0,4,0,0,5,0,0,0,5000.0
1,0,4,0,0,5,0,0,0,5000.0
1,0,8,0,0,9,0,0,0,6564.082217317799
0,0,0,0,0,0,1,1,0,1000.0
0,0,1,0,0,1,0,0,0,1000.0
1,0,11,0,0,12,0,0,0,12000.0
1,0,4,0,0,5,0,0,0,5000.0
1,0,4,0,0,5,0,0,0,5000.0
1,0,4,0,0,5,0,0,0,5000.0
1,0,8,0,0,9,0,0,0,7602.532826047291
1,9,27,0,0,14,0,0,0,10968.567610838356
2,0,2128,0,0,449,0,0,0,71476.00637713626
2,0,15,0,0,15,0,0,0,5601.882759843332
0,9,1,0,0,1,0,0,0,1000.0
0,0,26,0,0,10,0,0,0,6.490593868686415
0,1,2,0,1,1,0,0,0,3000.0
1,0,4,0,0,5,0,0,0,5000.0
1,0,4,0,0,5,0,0,0,5000.0
1,0,4,0,0,5,0,0,0,5000.0
1,0,4,0,0,5,0,0,0,5000.0
1,0,8,0,0,9,0,0,0,7639.912259852092
2,0,885,0,0,200,0,0,0,69366.32803594599
2,0,15,0,0,15,0,0,0,5493.585753904162
0,0,1,0,0,1,0,0,0,1000.0
0,0,7,2,0,3,0,0,0,1.7999586923879765
0,0,5,0,0,1,0,0,0,0.9999737220905466
0,0,5,0,0,1,0,0,0,0.9999792834291853
0,0,5,0,0,1,0,0,0,0.9999795204194217
0,2,85,0,0,34,0,0,0,16.999979433424883
0,0,66,0,0,13,0,0,0,13.198307491281902
0,5,170,0,0,9,0,0,0,33.98442222733632
0,0,1,0,0,1,0,0,0,0.5999890277606538
1,0,4,0,0,5,0,0,0,5000.0
1,0,4,0,0,5,0,0,0,5000.0
1,0,4,0,0,5,0,0,0,5000.0
1,0,8,0,0,9,0,0,0,7053.95491739035
0,2,83,0,0,34,0,0,0,199.92858743559054
0,0,13,0,0,10,0,0,0,13000.0
1,0,11,0,0,12,0,0,0,12000.0
1,0,4,0,0,5,0,0,0,5000.0
1,0,4,0,0,5,0,0,0,5000.0
1,0,4,0,0,5,0,0,0,5000.0
1,0,8,0,0,9,0,0,0,8212.03848343723
2,9,27,0,0,15,0,0,0,7264.114173839772
2,0,1940,0,0,411,0,0,0,71716.38922973459
2,0,15,0,0,15,0,0,0,5943.108371532371
0,10,1,0,0,1,0,0,0,1000.0
0,0,1,0,2,1,0,0,0,76.36687931787881
0,3,90,0,0,9,0,0,0,40.88557051826407
0,0,4,1,0,2,4,1,0,4.236877838657251
0,0,1,0,0,1,0,0,0,1000.0
1,0,4,0,0,5,0,0,0,5000.0
1,0,4,0,0,5,0,0,0,5000.0
1,0,4,0,0,5,0,0,0,5000.0
1,0,4,0,0,5,0,0,0,5000.0
1,0,8,0,0,9,0,0,0,7362.101700072884
10,0,38,0,0,40,0,0,0,10597.509673539298
10,0,145,0,0,139,0,0,0,4961.565790778517
10,0,33,0,0,33,0,0,0,9792.586192407922
10,0,12,0,0,16,0,0,0,5340.09227193983
0,4,10,0,1,9,0,0,0,63.53669724256626
1,0,11,0,0,12,0,0,0,12000.0
1,0,4,0,0,5,0,0,0,5000.0
1,0,4,0,0,5,0,0,0,5000.0
1,0,4,0,0,5,0,0,0,5000.0
1,0,4,0,0,5,0,0,0,5000.0
1,0,8,0,0,9,0,0,0,8171.6927116672705
2,11,27,0,0,15,0,0,0,7423.097351362075
0,0,4,0,0,3,0,0,0,4000.0
2,0,2056,0,0,434,0,0,0,72709.22999512234
2,0,15,0,0,15,0,0,0,5945.829298038891
0,0,5,0,0,1,0,0,0,1.2500048059559778
0,0,5,0,0,1,0,0,0,1.250004691892611
0,0,7,2,0,3,0,0,0,2.2500287919309288
0,0,5,0,0,1,0,0,0,1.2500048072059873
0,0,10,0,0,1,0,0,0,2.4077364859063115
0,0,77,1,0,14,0,0,0,19.416507580581936
0,0,626,5,0,36,0,0,0,529.8376191114643
0,0,1,0,0,1,0,0,0,1000.0
2,0,1005,0,0,224,0,0,0,67745.40858352491
2,0,15,0,0,15,0,0,0,5356.145893852531
0,0,10,0,9,1,0,0,0,3.7903255624215637
0,5,131,0,0,9,0,0,0,26.182188204999765
0,0,1,0,0,1,0,0,0,1000.0
0,0,2,1,0,2,0,0,0,30.235554928358162
10,0,38,0,0,40,0,0,0,9584.97267983256
10,0,145,0,0,139,0,0,0,4839.290442629291
10,0,33,0,0,33,0,0,0,9001.97226931975
10,0,12,0,0,16,0,0,0,4686.44887744638
0,4,10,0,1,9,2,1,0,16.506535894304772
0,0,2,0,0,1,0,0,0,1.9999522351407684
0,0,2,0,0,1,0,0,0,1.999885516553605
0,0,31,0,0,13,0,0,0,23.944860048171098
0,2,2,0,0,2,0,0,0,756.4714239137259
0,0,9,0,10,1,0,0,0,8.868160667958076
0,0,87,0,0,8,0,0,0,40.21797798284547
1,0,4,0,0,5,0,0,0,5000.0
1,0,4,0,0,5,0,0,0,5000.0
1,0,4,0,0,5,0,0,0,5000.0
1,0,4,0,0,5,0,0,0,5000.0
1,0,8,0,0,9,0,0,0,6515.506906437321
0,0,1,0,0,1,0,0,0,2000.0
1,0,11,0,0,12,0,0,0,12000.0
1,0,4,0,0,5,0,0,0,5000.0
1,0,4,0,0,5,0,0,0,5000.0
1,0,4,0,0,5,0,0,0,5000.0
1,0,4,0,0,5,0,0,0,5000.0
1,0,8,0,0,9,0,0,0,7043.631383290941
2,11,27,0,0,15,0,0,0,6097.96101005785
2,0,2182,0,0,459,0,0,0,69808.6459989817
2,0,15,0,0,15,0,0,0,5190.59561779385
1,0,4,0,0,5,0,0,0,5000.0
1,0,4,0,0,5,0,0,0,5000.0
1,0,4,0,0,5,0,0,0,5000.0
1,0,8,0,0,9,0,0,0,6069.070063367835
1,0,11,0,0,12,0,0,0,12000.0
1,0,4,0,0,5,0,0,0,5000.0
1,0,4,0,0,5,0,0,0,5000.0
1,0,4,0,0,5,0,0,0,5000.0
1,0,8,0,0,9,0,0,0,8086.820100600043
2,9,27,0,0,15,0,0,0,6846.27515415923
2,0,2173,0,0,458,0,0,0,70105.49765378656
2,0,15,0,0,15,0,0,0,5624.682164099771
0,0,2,0,0,1,0,0,0,0.4951943838733266
0,0,16,2,2,7,1,1,0,4.928897190200126
0,0,1,0,0,1,0,0,0,1000.0
0,0,2,0,0,2,0,0,0,2000.0
10,0,38,0,0,40,0,0,0,8749.576192403181
10,0,145,0,0,139,0,0,0,4275.778912437703
10,0,33,0,0,33,0,0,0,7885.554562627716
10,0,12,0,0,16,0,0,0,4212.0128137088
0,0,26,0,0,10,0,0,0,6.491008777969922
0,0,186,0,0,20,0,0,0,334.4884815114909
0,0,20,0,0,11,0,0,0,20000.0
0,0,1,0,0,1,0,0,0,1000.0
0,0,2,0,0,2,0,0,0,108.23560379880993
0,11,4,0,0,3,0,0,0,0.5683177067396661
0,5,13,0,1,10,4,1,0,3.550250638858924
0,0,9,2,0,3,0,0,0,1.8333398536065226
0,0,7,0,0,1,0,0,0,1.1666727977266642
0,0,82,1,0,14,0,0,0,16.59987170955148
0,2,88,1,0,35,0,0,0,17.698995228895974
0,0,6,0,0,1,0,0,0,1.1999901087215317
0,0,6,0,0,1,0,0,0,1.1999969892075542
0,6,203,0,0,9,0,0,0,40.54463355395592
1,0,4,0,0,5,0,0,0,5000.0
1,0,4,0,0,5,0,0,0,5000.0
1,0,4,0,0,5,0,0,0,5000.0
1,0,4,0,0,5,0,0,0,5000.0
1,0,8,0,0,9,0,0,0,7596.936915035858
0,0,1,0,0,1,0,0,0,2000.0
0,0,1,0,0,1,0,0,0,1000.0
0,0,1,0,0,1,0,0,0,1000.0
0,0,1,0,0,1,0,0,0,1000.0
0,0,2,1,0,2,0,0,0,30.27353409543659
1,0,11,0,0,12,0,0,0,12000.0
1,0,4,0,0,5,0,0,0,5000.0
1,0,4,0,0,5,0,0,0,5000.0
1,0,4,0,0,5,0,0,0,5000.0
1,0,4,0,0,5,0,0,0,5000.0
1,0,8,0,0,9,0,0,0,7872.4040747563495
2,11,27,0,0,15,0,0,0,7058.090518793991
2,0,1920,0,0,408,0,0,0,59835.541919638126
2,0,15,0,0,15,0,0,0,4289.528000524836
1,0,4,0,0,5,0,0,0,5000.0
1,0,4,0,0,5,0,0,0,5000.0
1,0,4,0,0,5,0,0,0,5000.0
0,0,31,0,0,13,0,0,0,23.968573575375814
1,0,8,0,0,9,0,0,0,7157.342240248121
0,1,82,0,0,33,0,0,0,240.58213012562246
0,0,7,0,8,1,0,0,0,21.631405221682204
0,3,81,0,0,9,0,0,0,41.17818898067627
1,0,11,0,0,12,0,0,0,12000.0
1,0,4,0,0,5,0,0,0,5000.0
1,0,4,0,0,5,0,0,0,5000.0
1,0,4,0,0,5,0,0,0,5000.0
1,0,8,0,0,9,0,0,0,8105.851614280348
2,9,27,0,0,15,0,0,0,7217.85168857907
2,0,2171,0,0,457,0,0,0,69037.9151909402
2,0,15,0,0,15,0,0,0,5604.834136473096
0,7,1,0,0,1,0,0,0,1000.0
0,0,13,0,0,10,0,0,0,845.5219660753173
10,0,38,0,0,40,0,0,0,10227.118739405345
10,0,145,0,0,139,0,0,0,5093.304909844067
10,0,33,0,0,33,0,0,0,10596.977002834814
10,0,12,0,0,16,0,0,0,5589.263330011956
0,5,10,0,1,9,0,0,0,64.60701689527527
0,0,35,0,0,9,0,0,0,15.133007332872085
2,0,745,0,0,172,0,0,0,65918.28092182877
2,0,15,0,0,15,0,0,0,5005.052158531788
0,0,1,0,0,1,0,0,0,1000.0
1,0,4,0,0,5,0,0,0,5000.0
1,0,4,0,0,5,0,0,0,5000.0
1,0,4,0,0,5,0,0,0,5000.0
1,0,8,0,0,9,0,0,0,7217.147943513788
0,0,34,2,3,27,1,1,0,8.220639754732543
0,0,63,0,0,13,0,0,0,12.599989625168543
0,2,84,0,0,34,0,0,0,16.793305694626934
0,0,6,1,0,2,0,0,0,1.3999809888181642
0,0,5,0,0,1,0,0,0,0.999988042942973
0,0,5,0,0,1,0,0,0,0.9999888133251431
0,0,5,0,0,1,0,0,0,0.9999958834169462
0,5,162,0,0,9,0,0,0,32.36224692118363
1,0,11,0,0,12,0,0,0,12000.0
1,0,4,0,0,5,0,0,0,5000.0
1,0,4,0,0,5,0,0,0,5000.0
1,0,4,0,0,5,0,0,0,5000.0
1,0,8,0,0,9,0,0,0,7794.691295581622
1,5,27,0,0,14,0,0,0,10895.71747715888
2,0,2057,0,0,433,0,0,0,66717.47866385401
2,0,15,0,0,15,0,0,0,5091.282197493232
0,0,1,0,0,1,0,0,0,1000.0
0,0,1,0,0,1,0,0,0,1000.0
0,0,1,1,0,2,0,0,0,20.315085967603228
0,0,1,0,0,1,0,0,0,1000.0
0,2,2,0,0,2,0,0,0,709.0586855966427
0,0,3,0,0,2,0,0,0,3000.0
0,0,2,0,1,2,1,1,0,3.370258128541901
0,0,9,0,10,1,0,0,0,14.104248651400923
0,3,80,0,0,9,0,0,0,43.52443007109141
0,0,4,0,0,2,0,0,0,2668.3512857784217
0,0,6,1,0,5,0,0,0,32.56828902558741
0,0,34,1,0,14,0,0,0,17.496067435166697
10,0,38,0,0,40,0,0,0,11089.62752482517
10,0,145,0,0,139,0,0,0,5106.192497066163
10,0,33,0,0,33,0,0,0,9887.462283930206
10,0,12,0,0,16,0,0,0,5360.780529645116
0,0,10,0,0,6,0,0,0,10000.0
1,0,4,0,0,5,0,0,0,5000.0
1,0,4,0,0,5,0,0,0,5000.0
1,0,4,0,0,5,0,0,0,5000.0
1,0,4,0,0,5,0,0,0,5000.0
1,0,8,0,0,9,0,0,0,7196.2464378580125
0,0,1,0,0,1,0,0,0,2000.0
1,0,11,0,0,12,0,0,0,12000.0
1,0,4,0,0,5,0,0,0,5000.0
1,0,4,0,0,5,0,0,0,5000.0
1,0,4,0,0,5,0,0,0,5000.0
1,0,4,0,0,5,0,0,0,5000.0
1,0,8,0,0,9,0,0,0,7810.296574317141
2,11,27,0,0,15,0,0,0,7123.73185290722
2,0,2172,0,0,457,0,0,0,64106.13286329246
2,0,15,0,0,15,0,0,0,5683.575303193667
1,0,4,0,0,5,0,0,0,4968.139322524649
1,0,4,0,0,5,0,0,0,5000.0
1,0,4,0,0,5,0,0,0,5000.0
1,0,8,0,0,9,0,0,0,7606.426585306073
0,0,26,0,0,10,0,0,0,6.490424396177463
0,0,10,1,7,11,0,0,0,5.2174703981744415
2,0,771,0,0,177,0,0,0,67387.87089809027
2,0,15,0,0,15,0,0,0,5742.492451155879
0,0,10,0,0,2,0,0,0,4422.565521413841
0,10,2,0,0,2,0,0,0,0.38855981920779437
0,0,7,0,0,1,0,0,0,1.166658083952029
0,0,9,2,0,4,0,0,0,1.8639444993105923
0,2,84,0,0,34,0,0,0,16.42161435746873
0,0,6,0,0,1,0,0,0,1.1999906921521972
0,0,6,0,0,1,0,0,0,1.199996030173133
0,4,11,0,1,10,0,0,0,2.376989590302906
0,5,195,0,0,9,0,0,0,38.95725624648394
0,0,65,0,0,13,0,0,0,12.997553595263279
10,0,38,0,0,40,0,0,0,10252.326851014896
10,0,145,0,0,139,0,0,0,4061.047234040379
10,0,33,0,0,33,0,0,0,9148.624727668845
10,0,12,0,0,16,0,0,0,5014.351301349521
1,0,4,0,0,5,0,0,0,5000.0
1,0,4,0,0,5,0,0,0,5000.0
1,0,4,0,0,5,0,0,0,5000.0
1,0,4,0,0,5,0,0,0,5000.0
1,0,8,0,0,9,0,0,0,6951.889832629389
0,0,13,0,0,10,0,0,0,13000.0
0,0,1,0,0,1,0,0,0,2000.0
1,0,11,0,0,12,0,0,0,12000.0
1,0,4,0,0,5,0,0,0,5000.0
1,0,4,0,0,5,0,0,0,5000.0
1,0,4,0,0,5,0,0,0,5000.0
1,0,4,0,0,5,0,0,0,5000.0
1,0,8,0,0,9,0,0,0,7489.2404578755195
2,11,27,0,0,15,0,0,0,7158.630815585278
2,0,2083,0,0,440,0,0,0,70807.95270096681
2,0,15,0,0,15,0,0,0,6025.943458926992
0,0,1,0,2,1,0,0,0,75.4958073906671
0,1,3,1,0,3,0,0,0,138.26995320979353
0,3,87,0,0,9,0,0,0,42.72000205433124
1,0,4,0,0,5,0,0,0,5000.0
1,0,4,0,0,5,0,0,0,5000.0
1,0,4,0,0,5,0,0,0,5000.0
1,0,8,0,0,9,0,0,0,6530.991368206408
1,0,11,0,0,12,0,0,0,12000.0
1,0,4,0,0,5,0,0,0,5000.0
1,0,4,0,0,5,0,0,0,5000.0
1,0,4,0,0,5,0,0,0,5000.0
1,0,8,0,0,9,0,0,0,8167.769618075094
2,9,27,0,0,15,0,0,0,6624.643582753448
2,0,2130,0,0,449,0,0,0,62017.75522953377
2,0,15,0,0,15,0,0,0,5426.306606751729
0,10,1,0,0,1,0,0,0,1000.0
0,0,4,0,0,2,0,0,0,4000.0
0,0,10,0,0,8,0,0,0,10000.0
0,0,1,0,0,1,0,0,0,1000.0
0,0,9,0,1,9,0,0,0,7.618906415315388
0,0,3,0,0,1,0,0,0,501.3771158114287
0,0,6,0,0,2,0,0,0,1.4999785701811625
0,0,8,2,0,4,0,0,0,2.499938514012248
0,0,6,0,0,2,0,0,0,1.4999799238937035
0,0,6,0,0,2,0,0,0,1.499966530871805
0,0,7,2,0,5,3,1,0,2.9512776930117264
0,0,79,1,0,14,0,0,0,16.925291875484202
0,2,121,1,6,69,0,0,0,36.85208815744322
0,4,10,0,1,9,0,0,0,2.2431328900996275
2,0,1030,0,0,229,0,0,0,68110.0272611704
2,0,15,0,0,15,0,0,0,5546.657339581697
0,0,6,0,5,1,0,0,0,2.1852317588604353
0,5,123,0,0,9,0,0,0,24.571647154751496
1,0,4,0,0,5,0,0,0,5000.0
1,0,4,0,0,5,0,0,0,5000.0
1,0,4,0,0,5,0,0,0,5000.0
1,0,8,0,0,9,0,0,0,6978.507746918989
0,0,1,0,0,1,0,0,0,1000.0
0,0,1,0,0,1,0,0,0,1000.0
0,0,1,0,0,1,0,0,0,1000.0
0,0,1,0,0,1,0,0,0,1000.0
1,0,11,0,0,12,0,0,0,12000.0
1,0,4,0,0,5,0,0,0,5000.0
1,0,4,0,0,5,0,0,0,5000.0
1,0,4,0,0,5,0,0,0,5000.0
1,0,8,0,0,9,0,0,0,8244.884049447317
2,9,27,0,0,15,0,0,0,7481.791512397715
2,0,1976,0,0,419,0,0,0,65254.20670249776
2,0,15,0,0,15,0,0,0,5572.310729090969
0,0,2,0,0,1,0,0,0,601.8005873573733
0,0,1,1,0,1,0,0,0,2000.0
0,1,85,0,0,34,0,0,0,72.1950669396143
0,0,0,0,0,0,1,1,0,1000.0
0,0,44,0,0,13,0,0,0,21.82197110066573
0,0,4,0,0,4,0,0,0,4000.0
0,0,11,0,0,9,0,0,0,11000.0
0,0,10,0,11,1,0,0,0,21.21149971517956
0,3,96,0,0,9,0,0,0,42.909503849676426
10,0,38,0,0,40,0,0,0,9581.830932186389
10,0,145,0,0,139,0,0,0,4274.1164608495765
10,0,33,0,0,33,0,0,0,9975.416398239036
10,0,12,0,0,16,0,0,0,5214.3364863478
0,5,10,0,1,9,0,0,0,61.87550911942348
1,0,4,0,0,5,0,0,0,5000.0
1,0,4,0,0,5,0,0,0,5000.0
1,0,4,0,0,5,0,0,0,5000.0
1,0,4,0,0,5,0,0,0,5000.0
1,0,8,0,0,9,0,0,0,6952.067042644752
0,0,1,0,0,1,0,0,0,2000.0
0,0,7,0,0,2,0,0,0,1987.531928280762
0,0,8,0,1,4,24,8,0,491.98121311594485
1,0,11,0,0,12,0,0,0,12000.0
1,0,4,0,0,5,0,0,0,5000.0
1,0,4,0,0,5,0,0,0,5000.0
1,0,4,0,0,5,0,0,0,5000.0
1,0,4,0,0,5,0,0,0,5000.0
1,0,8,0,0,9,0,0,0,7891.663246945926
2,11,27,0,0,15,0,0,0,6907.3932926829275
2,0,2144,0,0,452,0,0,0,69533.10689603823
2,0,15,0,0,15,0,0,0,5959.084922919237
2,0,819,0,0,187,0,0,0,68414.31777508972
2,0,15,0,0,15,0,0,0,5595.409131378561
0,10,2,0,0,2,0,0,0,0.41284090193757256
0,0,1,0,0,1,0,0,0,1000.0
0,0,9,3,0,5,0,0,0,2.3534508180910896
0,0,6,0,0,2,0,0,0,1.1999844338019248
0,0,6,0,0,2,0,0,0,1.1999865923098068
0,0,6,0,0,2,0,0,0,1.1999901188013657
0,0,39,0,0,11,0,0,0,7.663098129669879
0,0,17,4,0,8,2,1,0,4.535616997455107
0,2,4,0,0,3,0,0,0,0.7828726358003584
0,0,52,0,0,13,0,0,0,10.398682790531979
0,0,19,0,0,10,0,0,0,3.7940445171561583
0,5,163,0,0,9,0,0,0,32.58444920195616
0,0,1,0,0,1,0,0,0,1000.0
0,0,1,0,0,1,0,0,0,1000.0
0,0,1,0,0,1,0,0,0,1000.0
10,0,38,0,0,40,0,0,0,9629.815835790776
10,0,145,0,0,139,0,0,0,4753.22133476343
10,0,33,0,0,33,0,0,0,8252.768083974026
10,0,12,0,0,16,0,0,0,5424.230283231116
0,4,9,0,1,8,0,0,0,55.291541822281715
0,0,3,0,0,2,0,0,0,3000.0
0,0,10,0,0,6,0,0,0,10000.0
0,0,2,0,0,2,2,1,0,35.513283384077816
0,0,9,1,0,5,5,4,0,62.79695791775737
0,0,7,0,0,4,1,1,0,47.53444451316473
0,0,2,1,0,2,0,0,0,2.729880905123681
0,0,9,0,0,2,0,0,0,9000.0
1,0,4,0,0,5,0,0,0,5000.0
1,0,4,0,0,5,0,0,0,5000.0
1,0,4,0,0,5,0,0,0,5000.0
1,0,4,0,0,5,0,0,0,5000.0
1,0,8,0,0,9,0,0,0,7246.55184907848
0,2,2,0,0,2,0,0,0,704.3066945759932
0,0,30,0,0,13,0,0,0,23.296103824634276
0,0,9,0,0,5,0,0,0,8.987448578687435
0,0,1,0,0,1,0,0,0,1000.0
0,0,12,0,13,1,0,0,0,20.11041811691774
0,0,79,0,0,8,0,0,0,43.24077063449643
1,0,11,0,0,12,0,0,0,12000.0
1,0,4,0,0,5,0,0,0,5000.0
1,0,4,0,0,5,0,0,0,5000.0
1,0,4,0,0,5,0,0,0,5000.0
1,0,4,0,0,5,0,0,0,5000.0
1,0,8,0,0,9,0,0,0,8383.635144198524
2,11,27,0,0,15,0,0,0,7096.096315070592
2,0,2005,0,0,423,0,0,0,59479.13701847534
2,0,15,0,0,15,0,0,0,4609.4432307750285
1,0,4,0,0,5,0,0,0,5000.0
1,0,4,0,0,5,0,0,0,5000.0
1,0,4,0,0,5,0,0,0,5000.0
1,0,8,0,0,9,0,0,0,7396.486175967337
1,0,11,0,0,12,0,0,0,12000.0
1,0,4,0,0,5,0,0,0,5000.0
1,0,4,0,0,5,0,0,0,5000.0
1,0,4,0,0,5,0,0,0,5000.0
1,0,8,0,0,9,0,0,0,7786.639165410711
2,9,27,0,0,15,0,0,0,7154.875924582673
2,0,2141,0,0,451,0,0,0,59852.90373862799
2,0,15,0,0,15,0,0,0,4940.552080539136
0,9,1,0,0,1,0,0,0,1000.0
10,0,38,0,0,40,0,0,0,10536.972920857675
10,0,145,0,0,139,0,0,0,4644.747394513965
10,0,33,0,0,33,0,0,0,9435.912380312035
10,0,12,0,0,16,0,0,0,5023.441203360773
1,0,4,0,0,5,0,0,0,5000.0
1,0,4,0,0,5,0,0,0,5000.0
1,0,4,0,0,5,0,0,0,5000.0
1,0,4,0,0,5,0,0,0,5000.0
1,0,8,0,0,9,0,0,0,7171.594747524006
0,4,11,0,1,9,0,0,0,2.3684900522005594
0,0,15,0,0,2,0,0,0,2.5410251014000855
0,0,6,0,0,1,0,0,0,1.1999910859862168
0,0,6,0,0,1,0,0,0,1.1999942076279597
0,0,6,0,0,1,0,0,0,1.1999955969761555
0,0,8,2,0,4,0,0,0,1.9999923884289683
0,2,86,0,1,35,0,0,0,17.237973317750058
0,0,82,0,0,13,0,0,0,16.39673260669673
0,0,42,0,0,10,0,0,0,8.389881995280977
0,0,6,1,0,4,10,1,0,3.3500517376275565
0,0,1,0,0,1,0,0,0,0.5999900932035771
0,6,203,0,0,9,0,0,0,40.5597284889417
1,0,11,0,0,12,0,0,0,12000.0
1,0,4,0,0,5,0,0,0,5000.0
1,0,4,0,0,5,0,0,0,5000.0
1,0,4,0,0,5,0,0,0,5000.0
1,0,4,0,0,5,0,0,0,5000.0
1,0,8,0,0,9,0,0,0,7865.359036161425
2,6,27,0,0,15,0,0,0,6395.741582928398
2,0,2130,0,0,448,0,0,0,67089.62078252679
2,0,15,0,0,15,0,0,0,5451.77583580534
1,0,4,0,0,5,0,0,0,5000.0
1,0,4,0,0,5,0,0,0,5000.0
1,0,4,0,0,5,0,0,0,5000.0
1,0,8,0,0,9,0,0,0,5662.7493025380445
0,0,2,0,0,1,0,0,0,2.0000286944116787
0,0,2,0,0,1,0,0,0,2.000003690006808
0,0,2,0,0,1,0,0,0,1.9999850981110339
0,0,2,0,0,1,0,0,0,1.999959094836633
1,4,11,0,0,12,0,0,0,4117.412124131741
0,0,9,0,0,5,0,0,0,8.985646804034516
2,0,2182,0,0,459,0,0,0,62088.078364024615
2,0,15,0,0,15,0,0,0,4662.346043162903
0,0,2,0,0,1,0,0,0,2000.0
0,0,7,0,8,1,0,0,0,48.382166943525014
0,6,89,0,0,9,0,0,0,43.93230556136381
0,0,1,0,0,1,0,0,0,1000.0
0,0,2,0,0,1,5,2,0,5.384838892709086
0,0,10,0,0,8,0,0,0,10000.0
0,0,10,0,0,6,0,0,0,7684.623069238453
10,0,38,0,0,40,0,0,0,8861.932204003157
10,0,145,0,0,139,0,0,0,3963.4655417584336
10,0,33,0,0,33,0,0,0,8046.812236618946
10,0,12,0,0,16,0,0,0,4513.613056979851
0,4,10,0,1,9,0,0,0,60.11717876528988
0,2,121,1,6,69,0,0,0,39.71269425669552
1,0,4,0,0,5,0,0,0,5000.0
1,0,4,0,0,5,0,0,0,5000.0
1,0,4,0,0,5,0,0,0,5000.0
1,0,4,0,0,5,0,0,0,5000.0
1,0,8,0,0,9,0,0,0,6762.326029770765
0,0,66,0,0,13,0,0,0,15.392846377318618
0,0,9,0,1,9,0,0,0,5.6383060700175776
0,0,1,0,0,1,0,0,0,1000.0
0,0,2,0,0,1,0,0,0,2000.0
2,0,947,0,0,213,0,0,0,66534.60703988024
2,0,15,0,0,15,0,0,0,5406.037972010715
0,0,14,0,0,2,2,1,0,4.127003770211913
0,0,29,0,0,10,0,0,0,5.793061042517967
0,0,7,0,0,4,5,4,0,2.3312191665364432
0,11,2,0,0,2,0,0,0,0.38651367084224225
0,0,12,0,11,1,0,0,0,4.5710508729335455
0,0,7,2,0,4,0,0,0,1.7999909035659698
0,0,5,0,0,2,0,0,0,0.9999959610163134
0,0,5,0,0,2,0,0,0,0.999994101034798
0,0,5,0,0,2,0,0,0,0.9999929292499957
0,2,138,0,0,9,0,0,0,27.581546968691182
0,0,3,0,2,4,0,0,0,364.4960441244331
0,0,7,1,0,3,0,0,0,11.02472636239858
0,0,0,0,0,0,1,1,0,1000.0
0,1,5,0,0,3,0,0,0,7.163449183646955
0,0,1,0,0,1,0,0,0,1000.0
0,0,1,0,0,1,0,0,0,1000.0
0,0,1,0,0,1,0,0,0,1000.0
0,0,2,0,0,2,0,0,0,2000.0
0,0,10,0,0,8,0,0,0,10000.0
0,0,31,0,0,13,0,0,0,24.109906017641993
0,0,17,0,0,10,0,0,0,16.959135538352953
0,0,11,0,12,1,0,0,0,15.19350947121301
0,0,79,0,0,8,0,0,0,43.31574660105106
1,0,4,0,0,5,0,0,0,5000.0
1,0,4,0,0,5,0,0,0,5000.0
1,0,4,0,0,5,0,0,0,5000.0
1,0,4,0,0,5,0,0,0,5000.0
1,0,8,0,0,9,0,0,0,7575.043430248999
0,0,1,0,0,1,0,0,0,2000.0
1,0,11,0,0,12,0,0,0,12000.0
1,0,4,0,0,5,0,0,0,5000.0
1,0,4,0,0,5,0,0,0,5000.0
1,0,4,0,0,5,0,0,0,5000.0
1,0,4,0,0,5,0,0,0,5000.0
1,0,8,0,0,9,0,0,0,8272.705128617585
2,11,27,0,0,15,0,0,0,7042.824745863312
2,0,2182,0,0,459,0,0,0,60591.185197706625
2,0,15,0,0,15,0,0,0,4548.812639491347
1,0,4,0,0,5,0,0,0,4490.591761201108
1,0,4,0,0,5,0,0,0,5000.0
1,0,4,0,0,5,0,0,0,5000.0
1,0,8,0,0,9,0,0,0,6119.285267480758
10,0,38,0,0,40,0,0,0,8556.37393707108
10,0,145,0,0,139,0,0,0,4715.729583758371
10,0,33,0,0,33,0,0,0,8774.881636029746
10,0,12,0,0,16,0,0,0,4898.504108175002
0,4,10,0,1,9,0,0,0,61.69734246381461
0,0,96,0,0,25,2,1,0,23.899402727685267
1,0,11,0,0,12,0,0,0,12000.0
1,0,4,0,0,5,0,0,0,5000.0
1,0,4,0,0,5,0,0,0,5000.0
1,0,4,0,0,5,0,0,0,5000.0
1,0,8,0,0,9,0,0,0,6665.886511060187
2,9,27,0,0,15,0,0,0,5687.559229065076
2,0,2177,0,0,458,0,0,0,63828.78629636089
2,0,15,0,0,15,0,0,0,4487.64788119665
0,12,1,0,0,1,0,0,0,1000.0
0,0,9,0,1,9,0,0,0,4.842890604242463
0,0,13,0,0,2,3,1,0,10.156145990254318
0,0,1,0,0,1,0,0,0,1000.0
0,0,616,0,0,30,0,0,0,9073.407697961577
0,0,16,0,0,10,0,0,0,15734.619900753885
0,0,14,0,3,9,39,13,0,8.545753038675135
0,0,20,2,0,6,5,4,0,4.414199319289364
0,0,8,2,0,5,8,1,0,2.942864130076091
0,2,87,0,0,34,0,0,0,15.809864383632066
0,0,7,0,0,1,0,0,0,1.1666701497603986
0,0,7,0,0,1,0,0,0,1.166670352956092
0,0,9,2,0,3,0,0,0,1.833335175835185
0,0,80,1,0,14,0,0,0,15.313200625837124
0,0,34,0,0,10,0,0,0,6.791376045833335
0,0,6,0,0,1,0,0,0,1.1999983617622365
0,6,203,0,0,9,0,0,0,40.55557317025943
0,0,4,0,0,4,0,0,0,316.4065830920865
1,0,4,0,0,5,0,0,0,5000.0
1,0,4,0,0,5,0,0,0,5000.0
1,0,4,0,0,5,0,0,0,5000.0
1,0,4,0,0,5,0,0,0,5000.0
1,0,8,0,0,9,0,0,0,7032.5741018426115
0,0,1,0,0,1,0,0,0,2000.0
0,0,9,0,0,9,0,0,0,3766.232461910836
0,1,1,0,0,1,0,0,0,1000.0
1,0,11,0,0,12,0,0,0,12000.0
1,0,4,0,0,5,0,0,0,5000.0
1,0,4,0,0,5,0,0,0,5000.0
1,0,4,0,0,5,0,0,0,5000.0
1,0,4,0,0,5,0,0,0,5000.0
1,0,8,0,0,9,0,0,0,8174.802714761151
2,11,27,0,0,15,0,0,0,6768.096314211439
2,0,2182,0,0,459,0,0,0,69893.20900108042
2,0,15,0,0,15,0,0,0,4991.294595015164
1,0,4,0,0,5,0,0,0,5000.0
1,0,4,0,0,5,0,0,0,4854.015484309394
1,0,4,0,0,5,0,0,0,5000.0
1,0,8,0,0,9,0,0,0,7480.388913731168
0,1,79,0,0,30,0,0,0,13153.189032304897
0,0,2,0,0,1,0,0,0,2.0000888799496472
0,0,2,0,0,1,0,0,0,2.000092512279063
0,0,2,0,0,1,0,0,0,2.0000785230828164
0,0,3,0,0,1,0,0,0,1.6770159194828076
0,0,4,2,0,3,0,0,0,2.9993237064920124
1,0,11,0,0,12,0,0,0,12000.0
1,0,4,0,0,5,0,0,0,5000.0
1,0,4,0,0,5,0,0,0,5000.0
1,0,4,0,0,5,0,0,0,5000.0
1,0,8,0,0,9,0,0,0,8253.25384532852
2,9,27,0,0,15,0,0,0,7377.088797254705
2,0,2182,0,0,459,0,0,0,64192.37207685896
2,0,15,0,0,15,0,0,0,5226.5285059476355
0,0,65,1,0,16,0,0,0,21.880216891203812
0,0,27,0,0,10,0,0,0,8.986044768325934
0,0,10,0,11,1,0,0,0,8.235860961274405
0,6,144,0,0,9,0,0,0,41.98376622632877
10,0,38,0,0,40,0,0,0,11197.965329699595
10,0,145,0,0,139,0,0,0,4955.182611106942
10,0,33,0,0,33,0,0,0,9280.317827145233
10,0,12,0,0,16,0,0,0,5463.803666659299
2,0,827,0,0,189,0,0,0,71068.51991191618
2,0,15,0,0,15,0,0,0,5618.995112135311
0,9,2,0,0,2,0,0,0,0.4151527059415699
0,4,11,0,1,10,2,1,0,3.213293130742696
0,0,1,0,0,1,0,0,0,1000.0
0,0,18,4,0,9,1,1,0,3.185504626563209
0,2,7,0,0,4,0,0,0,1.1624166383722416
0,0,6,0,0,2,0,0,0,1.0357767727582812
0,0,4,0,0,1,0,0,0,0.7998821931906104
0,0,4,0,0,1,0,0,0,0.7999465821270747
0,0,4,0,0,1,0,0,0,0.7999688623319902
0,0,4,0,0,1,0,0,0,0.7999819615267424
0,0,34,0,0,13,0,0,0,6.799132763816843
0,0,16,0,0,5,0,0,0,3.196169598487237
0,2,106,0,0,9,0,0,0,21.178297209553072
0,0,1,0,0,1,0,0,0,1000.0
0,0,1,0,0,1,0,0,0,1000.0
0,0,1,0,0,1,0,0,0,1000.0
0,0,0,0,0,0,2,1,0,2000.0
0,0,8,0,0,6,0,0,0,8000.0
0,0,2,1,0,2,0,0,0,4.00199645195801
0,0,2,0,0,1,0,0,0,2000.0
0,0,9,0,0,8,0,0,0,9000.0
1,0,4,0,0,5,0,0,0,5000.0
1,0,4,0,0,5,0,0,0,5000.0
1,0,4,0,0,5,0,0,0,5000.0
1,0,4,0,0,5,0,0,0,5000.0
1,0,8,0,0,9,0,0,0,7341.449169437384
0,0,30,0,0,13,0,0,0,23.30162302965767
0,0,17,0,0,10,0,0,0,16.97187819185184
0,0,88,0,0,8,0,0,0,40.57684240198471
0,0,11,0,12,1,0,0,0,12.81484884304664
0,0,0,0,1,1,2,1,0,4.02023223683603
1,0,11,0,0,12,0,0,0,12000.0
1,0,4,0,0,5,0,0,0,5000.0
1,0,4,0,0,5,0,0,0,5000.0
1,0,4,0,0,5,0,0,0,5000.0
1,0,4,0,0,5,0,0,0,5000.0
1,0,8,0,0,9,0,0,0,8377.080308276556
2,11,27,0,0,15,0,0,0,7381.914817793979
2,0,2182,0,0,459,0,0,0,59082.44636171431
2,0,15,0,0,15,0,0,0,5600.000527058873
1,0,4,0,0,5,0,0,0,5000.0
1,0,4,0,0,5,0,0,0,5000.0
1,0,4,0,0,5,0,0,0,5000.0
1,0,8,0,0,9,0,0,0,6997.7373982412355
10,0,38,0,0,40,0,0,0,8992.726570340827
10,0,145,0,0,139,0,0,0,4693.9423886104005
10,0,33,0,0,33,0,0,0,7236.569516001402
10,0,12,0,0,16,0,0,0,4311.9863223793855
0,0,2,1,0,2,0,0,0,271.8439036059641
1,0,11,0,0,12,0,0,0,12000.0
1,0,4,0,0,5,0,0,0,5000.0
10,0,38,0,0,40,0,0,0,5502.357186892376
1,0,4,0,0,5,0,0,0,5000.0
1,0,4,0,0,5,0,0,0,4853.172130367851
1,0,8,0,0,9,0,0,0,6720.319708009576
2,9,27,0,0,15,0,0,0,7134.341620814171
10,0,145,0,0,139,0,0,0,4352.089914289942
10,0,5,0,0,12,0,0,0,3524.926399536778
10,0,12,0,0,16,0,0,0,3887.4271770033943
0,0,16,0,1,17,0,0,0,17000.0
1,1,34,0,0,31,0,0,0,12528.977735648594
2,0,2020,0,0,428,0,0,0,53188.16349241794
1,0,52,0,0,46,0,0,0,22622.2615859059
2,0,15,0,0,15,0,0,0,5377.168857335802
10,0,34,0,0,36,0,0,0,7107.33890893302
10,0,129,0,0,123,0,0,0,10733.787174328982
10,0,13,0,0,17,0,0,0,4527.354967659922
10,0,30,0,0,30,0,0,0,5985.10039182956
10,0,12,0,0,16,0,0,0,4471.631966802604
2,0,23,1,0,21,0,0,0,7309.836706682399
0,0,4,0,0,1,3,1,0,1278.8326523244975
0,11,1,0,0,1,0,0,0,1000.0
2,0,21,0,0,20,0,0,0,7029.391413628951
1,2,64,0,0,57,1,1,0,93.07057278821686
1,1,10,0,0,9,0,0,0,8394.056702616122
10,3,65,0,1,53,0,0,0,79.09524456712224
10,0,34,0,0,36,0,0,0,6408.673848750927
10,0,129,0,0,123,0,0,0,6840.483180236102
10,0,13,0,0,17,0,0,0,4380.97574615636
10,0,30,0,0,30,0,0,0,7535.406047238707
10,0,12,0,0,16,0,0,0,3920.169664943099
0,3,6,0,0,5,0,0,0,3.660905063703296
0,0,7,0,1,8,0,0,0,8000.0
1,1,32,0,0,29,0,0,0,17857.770971381568
1,0,44,0,0,38,0,0,0,21900.35726782823
1,0,64,0,0,57,1,1,0,192.7359710662424
1,1,10,0,0,9,0,0,0,8594.696759564922
10,3,58,0,1,49,0,0,0,125.62959979465643
0,2,126,0,6,68,0,0,0,28.52591912890214
0,0,4,0,0,2,0,0,0,3484.414648827625
1,0,4,0,0,5,0,0,0,5000.0
1,0,4,0,0,5,0,0,0,5000.0
1,0,4,0,0,5,0,0,0,5000.0
1,0,4,0,0,5,0,0,0,5000.0
1,0,8,0,0,9,0,0,0,6162.028485003677
0,0,2,0,0,1,0,0,0,0.6000106021873407
0,0,28,0,0,2,2,1,0,9.556993793993735
0,20,34,0,1,18,0,0,0,6.952244457177805
0,0,8,0,0,2,0,0,0,1.5238026353508678
0,0,8,0,0,2,0,0,0,1.5238294224095017
0,0,8,0,0,2,0,0,0,1.5238156344553433
0,0,10,2,0,4,0,0,0,2.285726818898654
0,0,48,1,0,13,5,4,0,9.695659004052036
0,0,12,0,0,9,0,0,0,2.371445197867998
0,0,82,0,0,13,0,0,0,16.397796319829936
0,0,34,0,0,10,0,0,0,6.789057360685138
0,6,203,0,0,9,0,0,0,40.57104282389488
0,0,45,1,2,21,7,2,0,10.998143363825436
1,0,11,0,0,12,0,0,0,12000.0
1,0,4,0,0,5,0,0,0,3505.6058142575794
1,0,4,0,0,5,0,0,0,3458.936543041969
1,0,4,0,0,5,0,0,0,3741.9968043347294
1,0,4,0,0,5,0,0,0,4118.931680927782
1,0,8,0,0,9,0,0,0,3289.1923717050513
2,6,27,0,0,15,0,0,0,2546.072498799834
2,0,1878,0,0,398,0,0,0,26867.46495335701
2,0,15,0,0,15,0,0,0,2898.5087172649673
1,0,4,0,0,5,0,0,0,2956.352995642927
1,0,4,0,0,5,0,0,0,3247.208699401994
1,0,4,0,0,5,0,0,0,4778.1778705381375
1,0,8,0,0,9,0,0,0,4181.816069789864
0,0,3,0,0,2,0,0,0,967.7612907096851
1,0,11,0,0,12,0,0,0,12000.0
1,0,4,0,0,5,0,0,0,5000.0
0,0,11,0,0,2,2,1,0,23.955761757170457
1,0,4,0,0,5,0,0,0,4337.329748964028
1,0,4,0,0,5,0,0,0,4800.081409380703
1,0,8,0,0,9,0,0,0,7030.178996168553
1,9,21,0,0,14,0,0,0,8709.473730049862
2,0,2154,0,0,454,0,0,0,55224.621923298895
2,0,15,0,0,15,0,0,0,4901.471767810939
0,11,1,0,0,1,0,0,0,1000.0
10,0,38,0,0,40,0,0,0,5041.043017005433
10,0,145,0,0,139,0,0,0,2828.7510091569225
10,0,33,0,0,33,0,0,0,5999.8666076168165
10,0,12,0,0,16,0,0,0,3711.785272547113
0,0,1,0,0,1,0,0,0,1000.0
0,0,1,0,1,1,0,0,0,141.61202920549846
0,6,125,0,0,9,0,0,0,41.553047711226334
0,0,8,0,0,5,0,0,0,8000.0
0,0,51,1,2,33,3,2,0,14.38540060883442
0,0,6,0,0,1,0,0,0,1.337161248909489
0,0,6,0,0,1,0,0,0,1.3370920014598238
0,0,8,2,0,3,0,0,0,2.228479661383478
0,0,6,0,0,1,0,0,0,1.3370875659054722
0,2,93,0,5,39,0,0,0,24.816621657608287
0,0,81,1,0,14,0,0,0,19.128201374627572
0,0,33,0,0,10,0,0,0,8.23822495883784
0,0,1,0,0,1,0,0,0,2000.0
10,0,21,0,0,23,0,0,0,3453.3760259729524
10,0,2179,0,0,2179,0,0,0,25539.83588444481
10,0,17,0,0,19,0,0,0,5140.878149573278
10,0,12,0,0,16,0,0,0,4357.652334612238
0,1,3,0,0,3,0,0,0,3000.0
0,9,21,0,2,18,2,1,0,6.533950202700777
0,0,10,0,1,11,0,0,0,3032.0980657695145
1,1,21,0,0,18,0,0,0,5561.047792403052
10,1,28,0,0,29,0,0,0,5736.152098601436
2,0,1067,0,0,237,0,0,0,71963.5763325867
1,0,9,0,0,10,0,0,0,10000.0
0,2,81,0,0,8,0,0,0,16.190095194419786
1,0,6,0,0,7,0,0,0,3338.4682153979693
0,0,0,1,0,1,0,0,0,1000.0
1,0,11,0,0,12,0,0,0,12000.0
1,0,4,0,0,5,0,0,0,5000.0
1,0,4,0,0,5,0,0,0,5000.0
1,0,4,0,0,5,0,0,0,5000.0
1,0,4,0,0,5,0,0,0,5000.0
1,0,8,0,0,9,0,0,0,8212.727903199315
2,6,27,0,0,15,0,0,0,6944.4078599202785
2,0,1958,0,0,415,0,0,0,67770.59666858418
2,0,15,0,0,15,0,0,0,3761.7319013673896
1,0,4,0,0,5,0,0,0,5000.0
1,0,4,0,0,5,0,0,0,5000.0
1,0,4,0,0,5,0,0,0,5000.0
1,0,8,0,0,9,0,0,0,7049.242088988066
10,0,38,0,0,40,0,0,0,10270.516855201973
10,0,145,0,0,139,0,0,0,4496.754561681895
10,0,33,0,0,33,0,0,0,9603.90159619078
10,0,12,0,0,16,0,0,0,5497.175825919434
0,4,9,0,1,8,0,0,0,56.115872542896376
0,0,1,0,0,1,0,0,0,1000.0
0,0,30,0,0,13,0,0,0,23.371211994057383
0,0,7,0,8,1,0,0,0,10.007976270351676
0,0,17,0,0,10,0,0,0,16.95494954611939
0,5,75,0,0,9,0,0,0,41.61542912609518
1,0,11,0,0,12,0,0,0,12000.0
1,0,4,0,0,5,0,0,0,5000.0
1,0,4,0,0,5,0,0,0,5000.0
0,0,2,0,0,2,0,0,0,2000.0
2,0,1083,0,0,240,0,0,0,63126.01296160315
2,0,15,0,0,15,0,0,0,5255.946020816019
0,0,2,0,0,2,0,0,0,1640.3809292593926
1,0,4,0,0,5,0,0,0,5000.0
1,0,4,0,0,5,0,0,0,5000.0
1,0,4,0,0,5,0,0,0,5000.0
1,0,8,0,0,9,0,0,0,7511.266900350526
0,0,1,0,0,1,0,0,0,1000.0
1,0,11,0,0,12,0,0,0,12000.0
1,0,4,0,0,5,0,0,0,5000.0
1,0,4,0,0,5,0,0,0,5000.0
1,0,4,0,0,5,0,0,0,5000.0
1,0,8,0,0,9,0,0,0,6968.657302339843
2,9,27,0,0,15,0,0,0,7306.035465511608
2,0,2162,0,0,456,0,0,0,62855.53935208429
2,0,15,0,0,15,0,0,0,5037.868471922626
0,10,1,0,0,1,0,0,0,1000.0
0,1,3,0,0,3,0,0,0,3000.0
1,0,4,0,0,5,0,0,0,5000.0
1,0,4,0,0,5,0,0,0,5000.0
1,0,4,0,0,5,0,0,0,5000.0
1,0,4,0,0,5,0,0,0,5000.0
1,0,8,0,0,9,0,0,0,6713.7774919863605
0,0,1,0,0,1,0,0,0,1000.0
0,0,574,0,0,29,0,0,0,8283.855337446745
0,0,6,0,0,1,0,0,0,1.2000076637289436
10,0,38,0,0,40,0,0,0,9838.456641306677
10,0,145,0,0,139,0,0,0,5058.049603672444
10,0,33,0,0,33,0,0,0,9000.438509736696
10,0,12,0,0,16,0,0,0,4596.660776672698
0,0,4,0,0,1,0,0,0,4000.0
0,2,85,0,1,35,0,0,0,24.94911596612314
0,0,2,0,0,1,0,0,0,0.40000172160740977
0,0,8,1,0,3,0,0,0,1.5251423940680842
0,0,6,0,0,1,0,0,0,1.1999948918617445
0,0,6,0,0,1,0,0,0,1.199998437362035
0,4,11,0,1,9,0,0,0,2.3716211097040003
0,0,9,1,7,12,1,1,0,3.491929563939573
0,0,67,1,0,14,0,0,0,13.597419653025735
0,0,21,0,0,5,0,0,0,4.193874054301497
0,5,174,0,0,9,0,0,0,34.76524793504697
1,0,4,0,0,5,0,0,0,5000.0
1,0,4,0,0,5,0,0,0,4309.839536054394
1,0,4,0,0,5,0,0,0,5000.0
1,0,8,0,0,9,0,0,0,5673.694482899485
0,0,2,0,0,1,0,0,0,1.99990454055647
0,0,2,0,0,1,0,0,0,1.999857214194621
0,0,2,0,0,1,0,0,0,1.9998984631551273
0,0,3,1,0,2,0,0,0,3.6408659278601503
0,0,0,1,0,1,0,0,0,1000.0
2,0,1327,0,0,288,0,0,0,51019.87149134731
2,0,15,0,0,15,0,0,0,5055.790649820772
0,1,82,0,0,33,0,0,0,123.06856346580382
0,0,9,0,0,5,0,0,0,8.987440447422106
0,0,8,0,8,1,0,0,0,17.035451196632327
0,0,19,0,0,13,0,0,0,9.498242967524654
0,2,91,0,0,9,0,0,0,41.261793854003024
1,0,4,0,0,5,0,0,0,5000.0
1,0,4,0,0,5,0,0,0,5000.0
1,0,4,0,0,5,0,0,0,5000.0
1,0,4,0,0,5,0,0,0,4564.480128535761
1,0,8,0,0,9,0,0,0,6208.523613084809
0,0,0,0,0,0,1,1,0,1000.0
0,0,0,0,0,0,1,1,0,1000.0
0,0,4,0,2,4,0,0,0,430.20439225778364
1,0,11,0,0,12,0,0,0,12000.0
1,0,4,0,0,5,0,0,0,5000.0
1,0,4,0,0,5,0,0,0,5000.0
1,0,4,0,0,5,0,0,0,5000.0
1,0,4,0,0,5,0,0,0,5000.0
1,0,8,0,0,9,0,0,0,7774.189173664157
2,11,27,0,0,15,0,0,0,5748.39094608604
2,0,2197,0,0,462,0,0,0,65304.75030436201
2,0,15,0,0,15,0,0,0,5599.469302062384
10,0,38,0,0,40,0,0,0,9969.081309696365
10,0,145,0,0,139,0,0,0,5001.769819779134
10,0,33,0,0,33,0,0,0,8856.235696149555
10,0,12,0,0,16,0,0,0,3902.4424855365723
0,5,10,0,1,9,0,0,0,62.321092432094794
0,0,3,0,0,2,0,0,0,3000.0
0,0,4,0,0,2,0,0,0,2942.6716074122955
0,0,7,1,0,6,0,0,0,6.00616470042077
0,0,1,0,0,1,0,0,0,2000.0
2,0,932,0,0,210,0,0,0,65236.26949396282
2,0,15,0,0,15,0,0,0,5072.223994185441
0,8,2,0,0,2,0,0,0,0.41750447803456453
0,0,7,1,0,4,0,0,0,1.3409487749699944
0,3,4,0,0,3,0,0,0,0.7991542881018893
0,0,37,0,0,10,0,0,0,7.389652432271443
0,0,4,0,0,1,0,0,0,0.7999791618228012
0,0,4,0,0,1,0,0,0,0.7999817780150604
0,0,5,1,0,2,0,0,0,1.1999709292642735
0,0,4,0,0,1,0,0,0,0.7999804267189035
0,0,17,0,16,1,0,0,0,6.592586226729179
0,0,49,0,0,13,0,0,0,9.798469741625347
0,5,139,0,0,9,0,0,0,27.790107299835487
0,0,1,0,0,1,0,0,0,1000.0
1,0,4,0,0,5,0,0,0,5000.0
1,0,4,0,0,5,0,0,0,5000.0
1,0,4,0,0,5,0,0,0,5000.0
1,0,4,0,0,5,0,0,0,5000.0
1,0,8,0,0,9,0,0,0,6859.552193189379
0,0,6,0,0,4,0,0,0,6000.0
0,0,0,0,0,0,1,1,0,1000.0
1,0,11,0,0,12,0,0,0,12000.0
1,0,4,0,0,5,0,0,0,5000.0
1,0,4,0,0,5,0,0,0,5000.0
1,0,4,0,0,5,0,0,0,5000.0
1,0,4,0,0,5,0,0,0,5000.0
1,0,8,0,0,9,0,0,0,7748.754387732172
2,11,27,0,0,15,0,0,0,6245.435717130003
2,0,2113,0,0,446,0,0,0,67326.74465003064
2,0,15,0,0,15,0,0,0,5567.432745412436
0,0,31,0,0,13,0,0,0,17.865055594877376
10,0,38,0,0,40,0,0,0,5626.240410190434
10,0,145,0,0,139,0,0,0,3255.3665347396122
10,0,33,0,0,33,0,0,0,8461.97503284427
10,0,12,0,0,16,0,0,0,4931.344477275244
0,4,9,0,1,8,0,0,0,51.933779736022885
0,0,4,0,5,1,0,0,0,13.848131231464796
0,3,90,0,0,9,0,0,0,40.75811638029891
0,0,1,0,0,1,0,0,0,2000.0
1,0,4,0,0,5,0,0,0,5000.0
1,0,4,0,0,5,0,0,0,5000.0
1,0,4,0,0,5,0,0,0,5000.0
1,0,8,0,0,9,0,0,0,6742.15886923508
0,2,85,0,1,35,0,0,0,40.65288766378712
0,0,8,2,0,6,3,1,0,3.2247313309882406
1,0,11,0,0,12,0,0,0,12000.0
1,0,4,0,0,5,0,0,0,5000.0
1,0,4,0,0,5,0,0,0,5000.0
1,0,4,0,0,5,0,0,0,5000.0
1,0,8,0,0,9,0,0,0,7893.490501499763
2,9,27,0,0,15,0,0,0,6968.438500286307
2,0,2197,0,0,462,0,0,0,65591.27597253458
2,0,15,0,0,15,0,0,0,4388.786598607774
0,0,33,0,0,10,0,0,0,8.236295286466595
0,0,5,0,0,1,0,0,0,1.2500362707399229
0,0,5,0,0,1,0,0,0,1.2500317489313753
0,0,7,2,0,3,0,0,0,2.2500226791035938
0,0,5,0,0,1,0,0,0,1.2500062197184478
0,9,1,0,0,1,0,0,0,1000.0
2,0,654,0,0,154,0,0,0,56630.870661652305
2,0,15,0,0,15,0,0,0,5709.487825356843
10,0,38,0,0,40,0,0,0,10404.487455439532
10,0,145,0,0,139,0,0,0,4218.720230804823
10,0,33,0,0,33,0,0,0,8374.932075405552
10,0,12,0,0,16,0,0,0,4178.314509709928
0,0,12,0,0,2,0,0,0,1.6979355318889133
0,0,2,0,0,1,0,0,0,0.373680647093898
0,0,49,0,0,13,0,0,0,9.798349895168213
0,4,11,0,1,9,0,0,0,2.3675156996752924
0,0,10,0,9,1,0,0,0,3.7928586759691183
0,5,131,0,0,9,0,0,0,26.18208028780769
0,0,3,0,2,4,0,0,0,338.98550992878387
0,0,1,0,0,1,0,0,0,2000.0
0,0,1,0,0,1,0,0,0,1000.0
0,0,1,0,0,1,0,0,0,1000.0
0,0,1,0,0,1,0,0,0,1000.0
1,0,4,0,0,5,0,0,0,5000.0
1,0,4,0,0,5,0,0,0,5000.0
1,0,4,0,0,5,0,0,0,5000.0
1,0,8,0,0,9,0,0,0,5611.269923904945
0,0,4,0,0,2,0,0,0,6.308875480751492
0,0,2,1,0,2,0,0,0,2.7330187526109038
0,0,1,0,0,1,0,0,0,1000.0
1,0,11,0,0,12,0,0,0,12000.0
1,0,4,0,0,5,0,0,0,5000.0
1,0,4,0,0,5,0,0,0,5000.0
1,0,4,0,0,5,0,0,0,4111.781240080328
1,0,8,0,0,9,0,0,0,6928.886527934961
2,9,27,0,0,15,0,0,0,5524.582965424683
2,0,2197,0,0,462,0,0,0,48398.1020548923
2,0,15,0,0,15,0,0,0,5181.775148145427
0,0,1,0,0,1,0,0,0,1000.0
0,1,82,0,0,33,0,0,0,71.21215056936975
0,0,61,1,0,14,0,0,0,20.550793122675625
0,0,1,0,0,1,0,0,0,1000.0
0,0,27,0,0,10,0,0,0,8.987517264234256
0,0,11,0,12,1,0,0,0,7.53493077690054
0,3,130,0,0,9,0,0,0,40.618823095571855
1,0,4,0,0,5,0,0,0,5000.0
1,0,4,0,0,5,0,0,0,5000.0
1,0,4,0,0,5,0,0,0,5000.0
1,0,4,0,0,5,0,0,0,5000.0
1,0,8,0,0,9,0,0,0,6996.95943240665
0,0,11,0,0,9,0,0,0,9300.296425811535
0,0,2,0,0,2,0,0,0,2000.0
0,0,4,0,0,3,2,1,0,6.668876932548421
1,0,11,0,0,12,0,0,0,12000.0
1,0,4,0,0,5,0,0,0,5000.0
1,0,4,0,0,5,0,0,0,5000.0
1,0,4,0,0,5,0,0,0,5000.0
1,0,4,0,0,5,0,0,0,5000.0
1,0,8,0,0,9,0,0,0,6258.113818402053
2,11,27,0,0,15,0,0,0,6241.896296704451
2,0,2173,0,0,458,0,0,0,64367.41143362324
2,0,15,0,0,15,0,0,0,5151.688435580712
10,0,38,0,0,40,0,0,0,9439.11593240177
10,0,145,0,0,139,0,0,0,4426.822454260072
10,0,33,0,0,33,0,0,0,7869.535545502478
10,0,12,0,0,16,0,0,0,3853.570622199264
0,4,10,0,1,9,0,0,0,58.83386686825503
2,0,788,0,0,181,0,0,0,61548.34283424197
2,0,15,0,0,15,0,0,0,5489.308925067381
0,0,0,0,0,0,1,1,0,1000.0
0,0,14,0,0,2,3,1,0,5.657026531525645
0,0,12,2,0,8,4,1,0,2.444989358226606
0,0,2,1,0,2,0,0,0,0.4997862144476252
0,0,6,0,0,2,0,0,0,1.0000114576312757
0,0,6,0,0,2,0,0,0,1.0000158999194702
0,0,6,0,0,2,0,0,0,1.0000228211874616
0,0,7,1,0,4,0,0,0,1.355443493873127
0,11,2,0,0,2,0,0,0,0.38254273592384624
0,2,8,0,0,4,9,8,0,3.352231763381514
0,0,36,0,0,13,0,0,0,7.199121717229268
0,0,32,0,0,10,0,0,0,6.388469266555186
0,5,119,0,0,9,0,0,0,23.7837627015281
1,0,4,0,0,5,0,0,0,5000.0
1,0,4,0,0,5,0,0,0,5000.0
1,0,4,0,0,5,0,0,0,5000.0
1,0,4,0,0,5,0,0,0,5000.0
1,0,8,0,0,9,0,0,0,7263.9283808945775
0,0,7,0,2,5,0,0,0,9000.0
1,0,40,0,0,38,0,0,0,5477.618983236348
0,0,228,0,0,20,0,0,0,7259.451854073556
0,0,231,0,0,25,0,0,0,11908.95679858371
0,1,76,0,0,10,0,0,0,2088.458701814621
0,0,1,0,0,1,0,0,0,1000.0
0,0,31,0,0,8,0,0,0,375.22280366963065
1,0,11,0,0,12,0,0,0,12000.0
1,0,4,0,0,5,0,0,0,5000.0
1,0,4,0,0,5,0,0,0,4898.906172229865
1,0,4,0,0,5,0,0,0,5000.0
0,0,1,0,0,1,0,0,0,1000.0
1,0,4,0,0,5,0,0,0,5000.0
1,0,8,0,0,9,0,0,0,7139.502709837917
2,11,27,0,0,15,0,0,0,6488.694456775451
2,0,1045,0,0,232,0,0,0,49273.0669604038
2,0,15,0,0,15,0,0,0,4337.381981749828
0,1,2,0,0,2,0,0,0,276.72736681457746
10,0,38,0,0,40,0,0,0,7908.076518548393
10,0,145,0,0,139,0,0,0,3502.080360001208
10,0,33,0,0,33,0,0,0,6598.133035240935
10,0,12,0,0,16,0,0,0,3801.586886045878
0,4,9,0,1,8,0,0,0,48.73400768561618
0,0,31,0,0,13,0,0,0,24.248785663640447
0,0,5,0,6,1,0,0,0,14.273740545278637
0,3,78,0,0,9,0,0,0,42.84332350774256
0,0,1,0,0,1,0,0,0,1000.0
1,0,4,0,0,5,0,0,0,5000.0
1,0,4,0,0,5,0,0,0,5000.0
1,0,4,0,0,5,0,0,0,5000.0
1,0,8,0,0,9,0,0,0,5168.270266079781
0,6,284,0,0,57,0,0,0,215.48177950413552
0,0,3,0,0,2,0,0,0,3000.0
1,0,11,0,0,12,0,0,0,11036.603816273657
1,0,4,0,0,5,0,0,0,5000.0
1,0,4,0,0,5,0,0,0,5000.0
1,0,4,0,0,5,0,0,0,5000.0
1,0,8,0,0,9,0,0,0,8306.230411139948
